-- phpMyAdmin SQL Dump
-- version 5.2.0
-- https://www.phpmyadmin.net/
--
-- Host: 127.0.0.1
-- Generation Time: Jul 21, 2022 at 07:34 PM
-- Server version: 10.4.24-MariaDB
-- PHP Version: 8.1.6

SET SQL_MODE = "NO_AUTO_VALUE_ON_ZERO";
START TRANSACTION;
SET time_zone = "+00:00";


/*!40101 SET @OLD_CHARACTER_SET_CLIENT=@@CHARACTER_SET_CLIENT */;
/*!40101 SET @OLD_CHARACTER_SET_RESULTS=@@CHARACTER_SET_RESULTS */;
/*!40101 SET @OLD_COLLATION_CONNECTION=@@COLLATION_CONNECTION */;
/*!40101 SET NAMES utf8mb4 */;

--
-- Database: `myydb`
--

-- --------------------------------------------------------

--
-- Table structure for table `arhar_data`
--

CREATE TABLE `arhar_data` (
  `Dates` date DEFAULT NULL,
  `A1` float(10,2) DEFAULT NULL,
  `A2` float(10,2) DEFAULT NULL,
  `B1` float(10,2) DEFAULT NULL,
  `B2` float(10,2) DEFAULT NULL,
  `C1` float(10,2) DEFAULT NULL,
  `C2` float(10,2) DEFAULT NULL,
  `C2R` float(10,2) DEFAULT NULL,
  `A1P` float(10,2) DEFAULT NULL,
  `A2P` float(10,2) DEFAULT NULL,
  `B1P` float(10,2) DEFAULT NULL,
  `B2P` float(10,2) DEFAULT NULL,
  `C1P` float(10,2) DEFAULT NULL,
  `C2P` float(10,2) DEFAULT NULL,
  `C2PR` float(10,2) DEFAULT NULL,
  `C3P` float(10,2) DEFAULT NULL,
  `VMP` float(10,2) DEFAULT NULL,
  `VBP` float(10,2) DEFAULT NULL,
  `OC` float(10,2) DEFAULT NULL,
  `HL` float(10,2) DEFAULT NULL,
  `AL` float(10,2) DEFAULT NULL,
  `ML` float(10,2) DEFAULT NULL,
  `Seed` float(10,2) DEFAULT NULL,
  `FertMan` float(10,2) DEFAULT NULL,
  `Insect` float(10,2) DEFAULT NULL,
  `IC` float(10,2) DEFAULT NULL,
  `Miscellaneous` float(10,2) DEFAULT NULL,
  `IWC` float(10,2) DEFAULT NULL,
  `SeedPK` float(10,2) DEFAULT NULL,
  `FertPK` float(10,2) DEFAULT NULL,
  `ManureQ` float(10,2) DEFAULT NULL,
  `HLhr` float(10,2) DEFAULT NULL,
  `ALhr` float(10,2) DEFAULT NULL
) ENGINE=InnoDB DEFAULT CHARSET=utf8mb4;

--
-- Dumping data for table `arhar_data`
--

INSERT INTO `arhar_data` (`Dates`, `A1`, `A2`, `B1`, `B2`, `C1`, `C2`, `C2R`, `A1P`, `A2P`, `B1P`, `B2P`, `C1P`, `C2P`, `C2PR`, `C3P`, `VMP`, `VBP`, `OC`, `HL`, `AL`, `ML`, `Seed`, `FertMan`, `Insect`, `IC`, `Miscellaneous`, `IWC`, `SeedPK`, `FertPK`, `ManureQ`, `HLhr`, `ALhr`) VALUES
('2005-01-01', 3342.04, 3342.04, 4228.28, 5747.05, 5961.09, 7479.86, 7795.84, 762.41, 762.41, 962.01, 1304.47, 1369.66, 1712.12, 1786.25, 1964.88, 5630.60, 444.48, 4761.58, 2769.32, 1440.10, 58.82, 376.23, 25.33, 0.00, 0.00, 0.00, 91.78, 23.33, 0.21, 0.63, 470.32, 147.25),
('2006-01-01', 3051.05, 3051.05, 4628.42, 6060.24, 7599.17, 9030.99, 9030.99, 881.62, 881.62, 1325.83, 1737.84, 2171.43, 2583.43, 2583.43, 2841.77, 5520.82, 206.45, 5585.56, 3583.12, 1500.17, 35.61, 384.74, 2.68, 0.00, 0.00, 0.00, 79.24, 19.28, 0.14, 0.00, 488.26, 130.04),
('2007-01-01', 3092.25, 3092.25, 4683.36, 6458.03, 7673.57, 9448.24, 9448.24, 858.54, 858.54, 1276.68, 1764.56, 2089.46, 2577.34, 2577.34, 2835.07, 6835.58, 263.11, 5590.67, 3529.37, 1523.15, 42.80, 416.54, 0.00, 0.00, 0.00, 0.00, 78.81, 20.64, 0.00, 0.00, 459.46, 123.11),
('2008-01-01', 4108.96, 4108.96, 5936.28, 8250.20, 8933.80, 11247.73, 11549.16, 923.75, 923.75, 1238.83, 1753.35, 2012.87, 2527.40, 2594.60, 2854.07, 8961.09, 294.58, 6670.82, 4203.77, 1735.04, 160.62, 459.21, 0.86, 0.00, 0.00, 0.00, 111.32, 20.50, 0.05, 0.00, 514.88, 119.17),
('2009-01-01', 4317.56, 4317.56, 5279.13, 8476.24, 7501.17, 10698.29, 10914.54, 903.26, 903.26, 1101.63, 1727.23, 1522.07, 2147.67, 2189.07, 2407.98, 12181.73, 606.73, 6071.77, 3666.48, 1620.01, 0.00, 667.24, 1.39, 0.00, 0.00, 0.00, 116.65, 23.92, 0.08, 0.00, 443.74, 134.47),
('2010-01-01', 4488.95, 4488.95, 5529.00, 10362.38, 7884.13, 12717.51, 13249.84, 1063.87, 1063.87, 1301.62, 2420.19, 1839.38, 2957.94, 3083.60, 3391.96, 18746.98, 586.55, 6384.09, 3877.78, 1484.18, 114.20, 784.71, 1.14, 0.00, 0.00, 0.00, 122.08, 23.72, 0.07, 0.00, 392.01, 110.18),
('2011-01-01', 5783.49, 5783.49, 6679.08, 12008.77, 10410.23, 15739.92, 15739.92, 1224.12, 1224.12, 1408.16, 2488.77, 2150.53, 3231.14, 3231.14, 3554.25, 20800.17, 518.60, 8970.75, 5678.26, 1853.26, 54.32, 1070.01, 155.72, 0.00, 0.00, 0.00, 158.78, 23.51, 0.00, 3.11, 480.19, 126.59),
('2012-01-01', 4825.85, 5320.24, 5859.45, 9935.64, 11093.03, 15169.22, 15169.22, 1221.36, 1393.01, 1504.45, 2544.45, 2989.58, 4029.58, 4029.58, 4432.54, 15234.79, 604.78, 9504.98, 6626.50, 1811.72, 21.67, 897.16, 18.50, 0.00, 0.00, 0.00, 129.43, 20.95, 0.58, 0.00, 470.62, 127.62),
('2013-01-01', 5326.36, 5799.64, 6599.32, 10739.34, 12674.51, 16814.53, 16814.53, 1336.03, 1473.20, 1682.70, 2718.70, 3278.35, 4314.35, 4314.35, 4745.79, 15472.48, 642.49, 10693.40, 7129.18, 2443.84, 64.70, 854.06, 55.50, 6.17, 0.00, 0.00, 139.95, 19.71, 1.31, 0.19, 427.32, 136.34),
('2014-01-01', 5606.93, 6356.48, 7122.25, 11940.41, 13233.10, 18051.25, 19486.83, 1283.48, 1477.52, 1655.06, 2776.55, 3096.87, 4218.35, 4553.09, 5008.40, 17967.21, 559.62, 11074.60, 7230.55, 2359.13, 234.56, 977.21, 119.15, 3.58, 0.00, 0.00, 150.42, 21.40, 1.37, 0.95, 387.92, 108.49),
('2015-01-01', 5856.95, 5856.95, 8053.25, 13746.08, 15205.12, 20897.95, 21707.31, 1873.02, 1873.02, 2606.99, 4401.76, 5011.42, 6806.19, 7075.69, 7783.26, 22262.89, 508.44, 12422.55, 8589.63, 1904.75, 578.91, 1189.54, 0.00, 0.00, 0.00, 0.00, 159.72, 20.27, 0.00, 0.00, 353.08, 77.79),
('2016-01-01', 6585.08, 6585.08, 9029.01, 14862.88, 16991.59, 22825.46, 22878.81, 1920.23, 1920.23, 2662.04, 4335.41, 5050.01, 6723.38, 6747.40, 7422.13, 22677.08, 658.39, 13772.18, 9273.04, 2075.35, 860.13, 1387.61, 0.00, 0.00, 0.00, 0.00, 176.05, 20.25, 0.00, 0.00, 353.54, 65.51),
('2017-01-01', 8393.05, 8393.05, 10909.31, 17041.20, 19063.74, 25195.64, 25195.64, 2190.38, 2190.38, 2843.31, 4362.10, 4952.60, 6471.39, 6471.39, 7118.53, 23955.13, 572.45, 15797.09, 10684.02, 2701.95, 722.24, 1449.96, 0.00, 0.00, 0.00, 0.00, 231.60, 20.30, 0.00, 0.00, 243.85, 70.91),
('2018-01-01', 5295.17, 5295.17, 6775.62, 12273.94, 17204.34, 22702.65, 22702.65, 1076.55, 1076.55, 1333.69, 2399.16, 3375.73, 4441.20, 4441.20, 4885.32, 21576.57, 416.68, 15057.67, 11379.38, 1888.72, 626.24, 966.07, 42.92, 0.00, 0.00, 14.07, 140.27, 17.79, 0.40, 0.30, 315.15, 42.01),
('2019-01-01', 7106.02, 7106.02, 8543.82, 15024.49, 16075.99, 22556.67, 22556.67, 1423.16, 1423.16, 1737.21, 3019.57, 3269.49, 4551.85, 4551.85, 5007.04, 25225.12, 697.56, 13837.81, 9831.12, 1987.25, 695.05, 163.18, 49.12, 0.00, 0.00, 15.03, 191.07, 16.57, 4.87, 0.05, 335.35, 64.64),
('2020-01-01', 7560.97, 7585.46, 8684.11, 15393.87, 15942.35, 22652.10, 22850.74, 1515.52, 1521.98, 1778.43, 3230.07, 3306.02, 4757.66, 4796.98, 5276.68, 26185.91, 555.16, 14036.11, 10686.05, 1350.75, 650.50, 946.33, 135.67, 51.59, 0.00, 9.84, 205.38, 16.18, 2.78, 0.04, 363.55, 40.50);

-- --------------------------------------------------------

--
-- Table structure for table `bajra_data`
--

CREATE TABLE `bajra_data` (
  `Dates` date DEFAULT NULL,
  `A1` float(10,2) DEFAULT NULL,
  `A2` float(10,2) DEFAULT NULL,
  `B1` float(10,2) DEFAULT NULL,
  `B2` float(10,2) DEFAULT NULL,
  `C1` float(10,2) DEFAULT NULL,
  `C2` float(10,2) DEFAULT NULL,
  `C2R` float(10,2) DEFAULT NULL,
  `A1P` float(10,2) DEFAULT NULL,
  `A2P` float(10,2) DEFAULT NULL,
  `B1P` float(10,2) DEFAULT NULL,
  `B2P` float(10,2) DEFAULT NULL,
  `C1P` float(10,2) DEFAULT NULL,
  `C2P` float(10,2) DEFAULT NULL,
  `C2PR` float(10,2) DEFAULT NULL,
  `C3P` float(10,2) DEFAULT NULL,
  `VMP` float(10,2) DEFAULT NULL,
  `VBP` float(10,2) DEFAULT NULL,
  `OC` float(10,2) DEFAULT NULL,
  `HL` float(10,2) DEFAULT NULL,
  `AL` float(10,2) DEFAULT NULL,
  `ML` float(10,2) DEFAULT NULL,
  `Seed` float(10,2) DEFAULT NULL,
  `FertMan` float(10,2) DEFAULT NULL,
  `Insect` float(10,2) DEFAULT NULL,
  `IC` float(10,2) DEFAULT NULL,
  `Miscellaneous` float(10,2) DEFAULT NULL,
  `IWC` float(10,2) DEFAULT NULL,
  `SeedPK` float(10,2) DEFAULT NULL,
  `FertPK` float(10,2) DEFAULT NULL,
  `ManureQ` float(10,2) DEFAULT NULL,
  `HLhr` float(10,2) DEFAULT NULL,
  `ALhr` float(10,2) DEFAULT NULL
) ENGINE=InnoDB DEFAULT CHARSET=utf8mb4;

--
-- Dumping data for table `bajra_data`
--

INSERT INTO `bajra_data` (`Dates`, `A1`, `A2`, `B1`, `B2`, `C1`, `C2`, `C2R`, `A1P`, `A2P`, `B1P`, `B2P`, `C1P`, `C2P`, `C2PR`, `C3P`, `VMP`, `VBP`, `OC`, `HL`, `AL`, `ML`, `Seed`, `FertMan`, `Insect`, `IC`, `Miscellaneous`, `IWC`, `SeedPK`, `FertPK`, `ManureQ`, `HLhr`, `ALhr`) VALUES
('2005-01-01', 7360.87, 7360.87, 7967.44, 9591.63, 9235.76, 10859.95, 10859.95, 429.35, 429.35, 464.82, 559.22, 538.29, 632.69, 632.69, 695.96, 8006.14, 1737.03, 8386.59, 3092.31, 3247.09, 638.70, 396.84, 659.89, 0.00, 136.06, 0.00, 215.70, 5.16, 40.31, 6.07, 410.22, 28.50),
('2006-01-01', 8087.68, 8087.68, 9478.97, 11318.64, 11126.94, 12966.62, 12985.21, 424.20, 424.20, 497.34, 594.45, 584.71, 681.82, 682.92, 751.21, 8544.50, 2491.32, 9280.47, 3462.79, 2339.34, 1821.73, 503.17, 813.17, 0.00, 108.97, 0.00, 231.30, 5.20, 49.94, 3.89, 397.82, 22.90),
('2007-01-01', 9138.03, 9138.03, 10294.81, 12647.33, 12388.60, 14741.12, 14741.12, 468.79, 468.79, 526.53, 643.07, 630.30, 746.84, 746.84, 821.52, 11879.93, 2232.36, 10798.51, 4265.42, 2736.61, 1754.40, 549.97, 982.13, 0.00, 246.20, 0.00, 263.78, 5.07, 51.90, 6.76, 415.42, 26.66),
('2008-01-01', 10331.96, 10331.96, 11875.92, 14623.48, 14289.18, 17036.74, 17036.74, 451.97, 451.97, 519.83, 638.66, 624.05, 742.88, 742.88, 817.17, 13735.69, 2746.39, 12389.61, 4630.19, 2877.12, 2338.72, 661.70, 1193.53, 0.00, 386.03, 0.00, 302.32, 5.24, 48.62, 4.67, 436.44, 22.23),
('2009-01-01', 13883.62, 13883.62, 15537.39, 18640.40, 19177.62, 22280.63, 22280.63, 662.63, 662.63, 744.68, 888.89, 919.44, 1063.65, 1063.65, 1170.02, 14846.62, 3767.72, 17103.64, 6084.28, 4563.02, 2604.20, 650.37, 2627.47, 0.52, 165.80, 0.00, 407.98, 4.92, 57.85, 8.58, 422.48, 26.95),
('2010-01-01', 14503.10, 14503.10, 18655.10, 22675.46, 22162.92, 26183.29, 26183.29, 594.65, 594.65, 766.31, 928.10, 910.62, 1072.41, 1072.41, 1179.65, 19583.51, 4533.85, 17475.76, 8212.25, 2387.98, 2863.41, 734.57, 1420.80, 2.65, 1430.83, 0.00, 423.27, 5.53, 61.53, 4.95, 434.66, 21.68),
('2011-01-01', 13987.52, 13987.52, 15549.89, 19767.14, 20281.60, 24499.11, 24499.11, 539.43, 539.43, 599.26, 761.71, 781.23, 943.68, 943.68, 1038.05, 20060.04, 5239.99, 18000.54, 9459.93, 2673.58, 2633.80, 739.12, 1690.32, 0.00, 401.72, 0.00, 402.07, 4.99, 63.24, 3.33, 415.18, 19.77),
('2012-01-01', 18754.19, 18754.19, 20912.49, 25283.39, 24295.91, 28666.81, 28666.81, 774.76, 774.76, 867.31, 1044.72, 1009.97, 1187.38, 1187.38, 1306.12, 20403.70, 5816.48, 21726.25, 10865.33, 1835.16, 4999.55, 714.10, 1744.01, 0.00, 1012.26, 0.00, 555.84, 5.36, 72.65, 4.91, 411.89, 13.43),
('2013-01-01', 18355.81, 18355.81, 22366.28, 27163.87, 25988.86, 30786.45, 30786.45, 836.92, 836.92, 1020.30, 1238.90, 1185.27, 1403.87, 1403.87, 1544.26, 21598.99, 7180.79, 21481.03, 10742.22, 2984.85, 3448.13, 748.49, 2551.93, 0.00, 464.25, 0.00, 541.16, 5.66, 70.47, 4.19, 396.00, 14.12),
('2014-01-01', 30486.98, 30486.98, 34120.25, 39613.71, 40039.46, 45532.91, 45532.91, 1342.06, 1342.06, 1501.16, 1747.48, 1758.65, 2004.97, 2004.97, 2205.47, 28180.25, 4773.92, 36104.19, 15425.63, 1693.38, 7341.05, 740.92, 9430.59, 0.00, 481.56, 76.36, 914.70, 5.92, 78.81, 15.06, 400.89, 10.47),
('2015-01-01', 24615.37, 24615.37, 28208.29, 32365.70, 39215.86, 43373.26, 43373.26, 1554.20, 1554.20, 1779.40, 2041.21, 2488.01, 2749.83, 2749.83, 3024.81, 20894.44, 4045.01, 34892.16, 17832.35, 4241.34, 5692.15, 965.65, 4435.50, 0.00, 1001.39, 0.00, 723.78, 5.82, 78.91, 6.44, 479.61, 11.60),
('2016-01-01', 20840.99, 20840.99, 25078.82, 29264.32, 37616.89, 41802.39, 41802.39, 1352.52, 1352.52, 1624.39, 1895.76, 2431.18, 2702.56, 2702.56, 2972.82, 21339.29, 3768.69, 32625.16, 17532.31, 3446.61, 6243.22, 998.77, 1732.27, 0.00, 2057.22, 6.06, 608.70, 5.48, 70.89, 3.28, 457.95, 8.93),
('2017-01-01', 33128.14, 33128.14, 37620.66, 45243.89, 44688.17, 52311.39, 52468.81, 1203.71, 1203.71, 1365.10, 1640.03, 1631.70, 1906.63, 1912.20, 2103.42, 38490.95, 7239.26, 39675.96, 19287.04, 2985.74, 9009.61, 1022.61, 4894.70, 0.00, 1485.20, 2.93, 988.13, 5.66, 75.74, 5.44, 457.56, 8.14),
('2018-01-01', 30199.21, 30199.21, 26370.79, 43305.17, 41551.83, 48486.20, 48486.20, 1207.27, 1207.27, 1448.73, 1725.76, 1644.19, 1921.22, 1921.22, 2113.34, 35489.84, 6108.11, 34787.53, 16445.36, 2240.36, 10476.54, 1058.86, 1878.39, 0.00, 1236.05, 29.68, 897.15, 5.40, 88.59, 2.19, 417.82, 5.18),
('2019-01-01', 39971.21, 39971.21, 45592.91, 55842.37, 50762.65, 61012.12, 61070.11, 1423.19, 1423.19, 1617.64, 1954.33, 1816.11, 2152.81, 1527.63, 1680.40, 54375.06, 7109.45, 44632.79, 20070.53, 2239.55, 11640.27, 1236.36, 6238.84, 0.00, 1963.20, 48.21, 1195.83, 5.54, 78.46, 6.60, 438.56, 4.95),
('2020-01-01', 32560.84, 32560.84, 37098.54, 47151.77, 47437.48, 57490.71, 57490.71, 1102.95, 1102.95, 1261.88, 1599.87, 1612.12, 1950.11, 1950.11, 2145.12, 53776.54, 6530.74, 42361.70, 20842.24, 1655.10, 12567.69, 1201.25, 2425.71, 6.03, 2613.56, 48.14, 970.37, 5.58, 82.71, 2.69, 450.82, 3.70);

-- --------------------------------------------------------

--
-- Table structure for table `coconut_data`
--

CREATE TABLE `coconut_data` (
  `Dates` date DEFAULT NULL,
  `A1` float(10,2) DEFAULT NULL,
  `A2` float(10,2) DEFAULT NULL,
  `B1` float(10,2) DEFAULT NULL,
  `B2` float(10,2) DEFAULT NULL,
  `C1` float(10,2) DEFAULT NULL,
  `C2` float(10,2) DEFAULT NULL,
  `C2R` float(10,2) DEFAULT NULL,
  `A1P` float(10,2) DEFAULT NULL,
  `A2P` float(10,2) DEFAULT NULL,
  `B1P` float(10,2) DEFAULT NULL,
  `B2P` float(10,2) DEFAULT NULL,
  `C1P` float(10,2) DEFAULT NULL,
  `C2P` float(10,2) DEFAULT NULL,
  `C2PR` float(10,2) DEFAULT NULL,
  `C3P` float(10,2) DEFAULT NULL,
  `VMP` float(10,2) DEFAULT NULL,
  `VBP` float(10,2) DEFAULT NULL,
  `OC` float(10,2) DEFAULT NULL,
  `HL` float(10,2) DEFAULT NULL,
  `AL` float(10,2) DEFAULT NULL,
  `ML` float(10,2) DEFAULT NULL,
  `Seed` float(10,2) DEFAULT NULL,
  `FertMan` float(10,2) DEFAULT NULL,
  `Insect` float(10,2) DEFAULT NULL,
  `IC` float(10,2) DEFAULT NULL,
  `Miscellaneous` float(10,2) DEFAULT NULL,
  `IWC` float(10,2) DEFAULT NULL,
  `SeedPK` float(10,2) DEFAULT NULL,
  `FertPK` float(10,2) DEFAULT NULL,
  `ManureQ` float(10,2) DEFAULT NULL,
  `HLhr` float(10,2) DEFAULT NULL,
  `ALhr` float(10,2) DEFAULT NULL
) ENGINE=InnoDB DEFAULT CHARSET=utf8mb4;

--
-- Dumping data for table `coconut_data`
--

INSERT INTO `coconut_data` (`Dates`, `A1`, `A2`, `B1`, `B2`, `C1`, `C2`, `C2R`, `A1P`, `A2P`, `B1P`, `B2P`, `C1P`, `C2P`, `C2PR`, `C3P`, `VMP`, `VBP`, `OC`, `HL`, `AL`, `ML`, `Seed`, `FertMan`, `Insect`, `IC`, `Miscellaneous`, `IWC`, `SeedPK`, `FertPK`, `ManureQ`, `HLhr`, `ALhr`) VALUES
('2005-01-01', 18058.30, 18058.30, 19083.09, 30897.79, 24367.83, 36182.53, 36170.00, 9462.49, 9831.47, 10472.48, 11245.39, 13769.94, 14798.33, 14800.00, 15683.97, 55003.48, 2731.70, 18759.36, 10462.52, 1.40, 10.96, 2168.42, 3174.68, 10.47, 205.37, 402.31, 834.95, 0.00, 60.05, 227.33, 733.91, 0.00),
('2006-01-01', 22194.85, 22194.85, 23131.20, 34722.83, 29199.80, 40791.44, 40750.00, 9539.21, 9931.69, 11326.49, 12638.68, 15368.21, 15979.55, 15980.00, 16739.59, 54959.57, 2998.60, 19009.71, 11788.54, 1.43, 11.67, 2225.75, 3346.55, 34.77, 289.23, 425.14, 886.64, 0.00, 15.16, 35.80, 24.42, 31.21),
('2007-01-01', 23229.41, 23229.41, 24373.04, 35197.02, 30209.57, 41033.56, 41030.00, 9762.58, 10004.21, 14695.51, 15372.57, 18095.48, 18287.64, 18290.00, 19593.86, 50948.37, 3171.58, 19837.99, 12830.92, 1.22, 23.12, 1850.34, 3919.68, 60.00, 300.42, 19.80, 832.50, 0.00, 15.88, 60.93, 27.44, 36.22),
('2008-01-01', 23794.87, 23794.87, 24632.55, 34954.78, 30377.70, 40699.94, 40700.00, 10395.21, 11739.39, 14999.33, 16006.34, 19312.76, 20065.48, 20060.00, 23485.89, 48260.43, 3350.74, 20892.72, 12703.51, 1.59, 7.76, 2952.70, 3520.01, 119.54, 652.28, 3.37, 931.97, 0.00, 14.08, 60.01, 29.58, 37.17),
('2009-01-01', 29621.22, 29621.22, 30917.05, 46671.32, 39164.83, 54919.10, 54920.00, 11687.53, 13392.27, 15936.57, 16384.47, 21631.04, 25725.97, 25720.00, 27312.85, 75081.48, 3689.85, 23329.03, 15063.14, 0.00, 23.52, 2539.81, 3823.91, 2.06, 779.02, 0.33, 1097.25, 0.00, 71.66, 69.20, 763.42, 0.00),
('2010-01-01', 31861.22, 31861.22, 33140.04, 46219.83, 42965.96, 56045.75, 56040.00, 15960.68, 18439.30, 20437.71, 21483.15, 23647.13, 24739.76, 24740.00, 26193.57, 61515.74, 3883.19, 30695.15, 20975.20, 0.00, 13.77, 3361.15, 4014.62, 7.65, 833.50, 0.00, 1489.26, 0.00, 14.84, 84.17, 44.90, 0.00),
('2011-01-01', 38825.31, 38825.31, 39557.50, 57303.00, 48280.73, 66026.23, 66020.00, 16327.43, 19189.13, 23951.99, 24891.65, 25137.99, 26371.47, 26370.00, 27629.63, 84399.40, 4328.11, 29185.19, 21362.01, 0.00, 16.92, 1844.14, 4156.01, 0.06, 408.49, 0.00, 1397.57, 0.00, 15.09, 87.93, 50.43, 0.00),
('2012-01-01', 44607.74, 44607.74, 46333.93, 67279.53, 56303.46, 77249.05, 77250.00, 19795.68, 21724.58, 27835.76, 29758.09, 30815.65, 32392.37, 32390.00, 35829.51, 101370.30, 3357.68, 33021.19, 21043.42, 1.63, 97.34, 2703.74, 6724.94, 10.63, 933.94, 0.00, 1505.54, 0.00, 24.88, 111.49, 55.29, 61.98),
('2013-01-01', 53915.84, 53915.84, 54630.66, 76591.80, 67383.70, 89344.86, 89340.00, 22218.09, 23693.02, 31273.58, 31753.04, 34736.79, 34999.56, 35000.00, 37587.13, 106503.70, 3302.06, 44403.37, 28161.39, 0.00, 73.93, 3999.40, 8312.11, 0.13, 1781.59, 0.00, 2074.83, 0.00, 24.88, 111.49, 55.29, 61.98),
('2014-01-01', 76651.77, 76651.77, 78773.10, 118292.00, 95303.86, 134822.50, 134820.00, 25457.21, 26926.90, 33619.35, 35979.61, 39769.99, 40381.52, 40380.00, 44937.32, 192412.59, 5181.65, 63247.47, 39133.04, 0.00, 179.86, 5805.01, 11790.51, 1.99, 3561.73, 0.00, 2775.34, 0.00, 37.72, 174.77, 76.11, 0.00),
('2015-01-01', 86214.36, 86214.36, 88771.32, 118785.70, 109193.80, 139208.09, 139200.00, 30621.46, 30931.43, 36932.57, 39682.89, 44367.18, 45693.12, 45690.00, 48937.96, 144712.30, 5359.63, 77728.37, 45856.68, 0.00, 84.90, 8479.24, 11287.98, 3.58, 8646.90, 0.00, 3369.10, 0.00, 129.14, 59.68, 734.44, 0.00),
('2016-01-01', 83667.39, 83667.39, 85363.91, 112095.50, 108452.50, 135184.09, 135180.00, 40469.19, 41569.35, 45894.22, 45980.88, 51864.87, 53553.71, 53550.00, 55351.42, 127837.30, 5820.87, 80766.20, 53566.61, 0.00, 97.35, 9351.20, 12009.32, 30.38, 2563.33, 19.89, 3128.12, 0.00, 34.29, 278.59, 96.03, 0.00),
('2017-01-01', 103530.04, 103530.04, 104625.85, 147496.69, 122383.49, 165254.31, 165250.00, 45123.45, 46269.72, 55274.83, 49545.97, 55321.14, 56379.53, 56380.00, 58194.86, 209646.81, 4846.57, 97810.85, 60840.68, 0.00, 93.83, 15688.40, 15855.72, 19.03, 465.72, 409.21, 4438.27, 0.00, 28.68, 263.47, 101.38, 0.00),
('2018-01-01', 103596.67, 103596.67, 104606.40, 152664.20, 125791.36, 173849.16, 173850.00, 52926.93, 51739.95, 54328.41, 50436.73, 53888.51, 55739.65, 55740.00, 58491.76, 235260.02, 5029.02, 97107.83, 60000.49, 0.00, 454.66, 13711.29, 16998.47, 1.67, 1436.31, 369.79, 4135.15, 0.00, 25.71, 319.15, 109.21, 0.00),
('2019-01-01', 99938.70, 99938.70, 100692.19, 146915.27, 122752.69, 168975.77, 168975.00, 47814.51, 50682.57, 55871.47, 56847.35, 57396.05, 57499.73, 57500.00, 59481.84, 225451.50, 5603.91, 95191.90, 55344.03, 0.00, 36.38, 13830.66, 20260.87, 0.18, 934.57, 477.35, 4307.86, 0.00, 30.32, 377.65, 111.42, 0.00),
('2020-01-01', 16494.21, 16494.21, 21261.40, 29394.20, 28295.58, 36428.37, 36430.00, 48395.21, 51726.42, 54829.88, 57947.09, 58392.63, 57528.58, 57530.00, 60470.49, 36062.30, 1090.10, 32125.24, 22186.60, 1259.29, 1482.60, 1472.96, 107.71, 4184.53, 179.46, 0.00, 1252.09, 0.00, 41.44, 64.01, 767.78, 0.00);

-- --------------------------------------------------------

--
-- Table structure for table `cotton_data`
--

CREATE TABLE `cotton_data` (
  `Dates` date DEFAULT NULL,
  `A1` float(10,2) DEFAULT NULL,
  `A2` float(10,2) DEFAULT NULL,
  `B1` float(10,2) DEFAULT NULL,
  `B2` float(10,2) DEFAULT NULL,
  `C1` float(10,2) DEFAULT NULL,
  `C2` float(10,2) DEFAULT NULL,
  `C2R` float(10,2) DEFAULT NULL,
  `A1P` float(10,2) DEFAULT NULL,
  `A2P` float(10,2) DEFAULT NULL,
  `B1P` float(10,2) DEFAULT NULL,
  `B2P` float(10,2) DEFAULT NULL,
  `C1P` float(10,2) DEFAULT NULL,
  `C2P` float(10,2) DEFAULT NULL,
  `C2PR` float(10,2) DEFAULT NULL,
  `C3P` float(10,2) DEFAULT NULL,
  `VMP` float(10,2) DEFAULT NULL,
  `VBP` float(10,2) DEFAULT NULL,
  `OC` float(10,2) DEFAULT NULL,
  `HL` float(10,2) DEFAULT NULL,
  `AL` float(10,2) DEFAULT NULL,
  `ML` float(10,2) DEFAULT NULL,
  `Seed` float(10,2) DEFAULT NULL,
  `FertMan` float(10,2) DEFAULT NULL,
  `Insect` float(10,2) DEFAULT NULL,
  `IC` float(10,2) DEFAULT NULL,
  `Miscellaneous` float(10,2) DEFAULT NULL,
  `IWC` float(10,2) DEFAULT NULL,
  `SeedPK` float(10,2) DEFAULT NULL,
  `FertPK` float(10,2) DEFAULT NULL,
  `ManureQ` float(10,2) DEFAULT NULL,
  `HLhr` float(10,2) DEFAULT NULL,
  `ALhr` float(10,2) DEFAULT NULL
) ENGINE=InnoDB DEFAULT CHARSET=utf8mb4;

--
-- Dumping data for table `cotton_data`
--

INSERT INTO `cotton_data` (`Dates`, `A1`, `A2`, `B1`, `B2`, `C1`, `C2`, `C2R`, `A1P`, `A2P`, `B1P`, `B2P`, `C1P`, `C2P`, `C2PR`, `C3P`, `VMP`, `VBP`, `OC`, `HL`, `AL`, `ML`, `Seed`, `FertMan`, `Insect`, `IC`, `Miscellaneous`, `IWC`, `SeedPK`, `FertPK`, `ManureQ`, `HLhr`, `ALhr`) VALUES
('2005-01-01', 14946.54, 14946.54, 16695.01, 19900.56, 17974.02, 21179.58, 21502.92, 1492.82, 1492.82, 1661.98, 1986.35, 1788.22, 2112.60, 2145.67, 2360.24, 18655.52, 573.99, 15782.67, 4375.92, 5031.57, 792.25, 1987.77, 1842.89, 692.48, 604.05, 16.24, 439.50, 6.80, 116.38, 14.67, 863.29, 49.80),
('2006-01-01', 14394.91, 14394.91, 16088.53, 19170.86, 17711.49, 20793.82, 20913.32, 1483.09, 1483.09, 1658.02, 1969.41, 1825.76, 2137.15, 2150.12, 2365.13, 17732.12, 758.18, 15499.22, 4700.36, 5480.42, 466.48, 1956.20, 1760.40, 382.40, 251.52, 80.95, 420.49, 6.10, 125.60, 13.94, 819.49, 53.71),
('2007-01-01', 14783.41, 14795.28, 16261.99, 19683.75, 18247.47, 21669.23, 21669.23, 1401.60, 1402.89, 1544.43, 1867.85, 1728.52, 2051.94, 2051.94, 2257.13, 19870.32, 647.81, 16296.92, 5356.43, 5639.68, 513.68, 1900.39, 1990.34, 312.13, 127.45, 23.26, 433.68, 5.41, 140.40, 13.31, 836.99, 54.65),
('2008-01-01', 16179.64, 16179.64, 17490.21, 21900.69, 19988.43, 24398.91, 24398.91, 1335.76, 1335.76, 1443.44, 1806.42, 1647.52, 2010.50, 2010.50, 2211.55, 25751.37, 706.23, 18185.29, 6574.10, 5399.21, 680.05, 1985.16, 2365.19, 587.64, 82.81, 35.76, 475.37, 4.54, 136.18, 14.16, 796.31, 38.59),
('2009-01-01', 20863.51, 20934.26, 24359.42, 30339.65, 27136.60, 33116.82, 33116.82, 1603.52, 1609.22, 1872.92, 2328.57, 2083.82, 2539.47, 2539.47, 2793.42, 34649.45, 957.96, 22877.35, 7425.92, 6402.95, 1006.72, 2214.73, 3264.37, 955.55, 966.05, 31.96, 609.10, 3.25, 174.27, 18.15, 877.44, 53.23),
('2010-01-01', 22906.19, 22906.19, 25583.39, 32320.71, 29084.75, 35822.07, 35822.07, 1740.56, 1740.56, 1932.14, 2425.40, 2178.40, 2671.66, 2671.66, 2938.83, 39754.52, 661.33, 25664.06, 9819.59, 5956.00, 1275.95, 2396.52, 3574.41, 1089.14, 841.06, 39.79, 671.60, 3.39, 172.92, 16.25, 871.36, 49.90),
('2011-01-01', 31655.82, 31655.82, 35288.73, 45880.07, 41992.21, 52583.55, 52748.59, 2171.55, 2171.55, 2419.02, 3142.90, 2879.31, 3603.20, 3614.43, 3975.88, 62684.87, 850.48, 37489.84, 18739.85, 6337.59, 1523.15, 2753.70, 5014.62, 1449.27, 703.79, 34.95, 932.92, 3.14, 195.78, 13.47, 911.94, 48.14),
('2012-01-01', 37653.23, 37746.04, 43540.90, 53910.16, 51538.24, 61907.49, 61907.49, 2397.40, 2402.87, 2794.53, 3462.27, 3317.32, 3985.05, 3985.05, 4383.56, 61253.98, 759.41, 44844.73, 20127.28, 6010.91, 2781.59, 3750.78, 6807.15, 2198.44, 2006.57, 45.42, 1116.59, 2.76, 194.06, 15.85, 860.29, 44.01),
('2013-01-01', 46135.12, 46149.94, 51526.21, 63199.32, 59406.64, 71079.73, 71079.73, 2670.67, 2671.53, 2996.10, 3662.73, 3453.64, 4120.27, 4120.27, 4532.30, 68594.45, 1384.74, 53319.90, 22983.80, 7334.26, 3302.51, 3690.78, 9581.37, 2794.33, 2183.71, 72.20, 1376.94, 2.36, 168.37, 18.03, 827.88, 43.35),
('2014-01-01', 46852.50, 46852.50, 50993.34, 64841.88, 59383.51, 73232.07, 73232.07, 2584.19, 2584.19, 2810.71, 3571.32, 3275.88, 4036.48, 4036.48, 4440.13, 82111.95, 962.71, 54663.07, 24333.01, 7183.88, 3493.10, 3326.11, 10683.59, 2889.51, 1297.80, 53.85, 1402.22, 2.28, 180.10, 16.24, 872.48, 42.67),
('2015-01-01', 45942.36, 45942.36, 53207.37, 63445.97, 62152.57, 72391.18, 72391.18, 2938.08, 2938.08, 3403.29, 4057.86, 3977.30, 4631.87, 4631.87, 5095.06, 60198.46, 1220.88, 53896.51, 23664.48, 7308.67, 4016.76, 3789.36, 9249.60, 2152.27, 2318.86, 34.35, 1362.16, 2.17, 179.06, 18.49, 839.26, 36.53),
('2016-01-01', 46865.92, 46865.92, 53736.70, 65077.77, 64520.62, 75861.70, 75861.70, 2846.59, 2846.59, 3268.65, 3950.03, 3922.09, 4603.47, 4603.47, 5063.82, 67241.11, 791.74, 56863.51, 25965.23, 6828.32, 4377.22, 3982.20, 8603.56, 2455.87, 2801.58, 453.18, 1396.35, 2.11, 175.81, 18.60, 826.90, 39.02),
('2017-01-01', 49196.95, 49196.95, 56082.97, 71434.63, 65712.77, 81064.43, 83396.85, 2650.71, 2650.71, 3028.05, 3834.84, 3548.13, 4354.92, 4479.69, 4927.66, 91165.16, 926.37, 58031.17, 27761.66, 6559.69, 4606.47, 3690.32, 8501.09, 2399.10, 2521.42, 524.71, 1466.71, 2.12, 170.87, 19.36, 820.70, 32.25),
('2018-01-01', 52229.27, 52229.27, 60008.27, 70795.23, 72145.24, 82932.20, 82932.20, 3494.69, 3494.69, 4022.09, 4748.10, 4821.05, 5547.05, 5547.05, 6101.76, 63083.36, 1625.47, 63275.03, 29446.31, 7188.91, 5702.56, 3137.91, 9169.36, 3886.37, 2742.13, 451.85, 1549.63, 2.49, 200.04, 13.26, 805.86, 26.62),
('2019-01-01', 52652.98, 52652.98, 59720.99, 74245.46, 70218.05, 84742.52, 89504.86, 3312.22, 3312.22, 3767.59, 4678.84, 4385.07, 5296.32, 5595.46, 6155.00, 85937.16, 1192.21, 62408.65, 27010.27, 10123.20, 6067.73, 2926.82, 8576.18, 3063.82, 2879.39, 188.18, 1573.06, 2.51, 182.74, 11.37, 757.12, 23.69),
('2020-01-01', 52564.46, 52564.46, 59058.72, 71085.22, 70173.15, 82199.64, 84103.00, 3468.51, 3468.51, 3905.28, 4698.33, 4652.51, 5445.55, 5569.91, 6126.90, 70866.95, 1277.64, 62831.05, 27774.55, 10315.54, 5874.13, 3048.31, 8778.94, 3202.76, 1786.55, 483.11, 1567.16, 2.49, 189.10, 10.44, 835.15, 27.28);

-- --------------------------------------------------------

--
-- Table structure for table `jowar_data`
--

CREATE TABLE `jowar_data` (
  `Dates` date DEFAULT NULL,
  `A1` float(10,2) DEFAULT NULL,
  `A2` float(10,2) DEFAULT NULL,
  `B1` float(10,2) DEFAULT NULL,
  `B2` float(10,2) DEFAULT NULL,
  `C1` float(10,2) DEFAULT NULL,
  `C2` float(10,2) DEFAULT NULL,
  `C2R` float(10,2) DEFAULT NULL,
  `A1P` float(10,2) DEFAULT NULL,
  `A2P` float(10,2) DEFAULT NULL,
  `B1P` float(10,2) DEFAULT NULL,
  `B2P` float(10,2) DEFAULT NULL,
  `C1P` float(10,2) DEFAULT NULL,
  `C2P` float(10,2) DEFAULT NULL,
  `C2PR` float(10,2) DEFAULT NULL,
  `C3P` float(10,2) DEFAULT NULL,
  `VMP` float(10,2) DEFAULT NULL,
  `VBP` float(10,2) DEFAULT NULL,
  `OC` float(10,2) DEFAULT NULL,
  `HL` float(10,2) DEFAULT NULL,
  `AL` float(10,2) DEFAULT NULL,
  `ML` float(10,2) DEFAULT NULL,
  `Seed` float(10,2) DEFAULT NULL,
  `FertMan` float(10,2) DEFAULT NULL,
  `Insect` float(10,2) DEFAULT NULL,
  `IC` float(10,2) DEFAULT NULL,
  `Miscellaneous` float(10,2) DEFAULT NULL,
  `IWC` float(10,2) DEFAULT NULL,
  `SeedPK` float(10,2) DEFAULT NULL,
  `FertPK` float(10,2) DEFAULT NULL,
  `ManureQ` float(10,2) DEFAULT NULL,
  `HLhr` float(10,2) DEFAULT NULL,
  `ALhr` float(10,2) DEFAULT NULL
) ENGINE=InnoDB DEFAULT CHARSET=utf8mb4;

--
-- Dumping data for table `jowar_data`
--

INSERT INTO `jowar_data` (`Dates`, `A1`, `A2`, `B1`, `B2`, `C1`, `C2`, `C2R`, `A1P`, `A2P`, `B1P`, `B2P`, `C1P`, `C2P`, `C2PR`, `C3P`, `VMP`, `VBP`, `OC`, `HL`, `AL`, `ML`, `Seed`, `FertMan`, `Insect`, `IC`, `Miscellaneous`, `IWC`, `SeedPK`, `FertPK`, `ManureQ`, `HLhr`, `ALhr`) VALUES
('2005-01-01', 6555.77, 6555.77, 7266.77, 9671.21, 8566.93, 10971.36, 10971.36, 391.74, 391.74, 433.22, 583.37, 513.37, 663.50, 663.50, 729.85, 7703.85, 2790.86, 7652.88, 2879.22, 2094.00, 785.32, 404.33, 855.10, 11.86, 430.56, 0.00, 192.50, 18.28, 40.24, 2.13, 372.91, 49.53),
('2006-01-01', 8468.41, 8531.56, 9630.14, 12467.72, 11071.70, 13909.27, 13925.24, 426.24, 429.19, 484.76, 640.68, 555.44, 711.36, 712.14, 783.36, 8944.61, 3238.47, 9545.70, 3826.77, 2845.61, 824.20, 338.38, 1227.28, 28.11, 209.75, 0.00, 245.58, 19.48, 39.27, 4.10, 399.12, 56.26),
('2007-01-01', 8473.92, 8487.38, 9479.12, 12647.77, 10925.88, 14094.53, 14112.83, 464.96, 465.86, 518.34, 704.26, 596.64, 782.56, 783.87, 862.25, 10416.87, 3521.61, 9509.18, 3867.30, 2889.41, 711.16, 289.38, 1243.80, 39.81, 218.09, 5.89, 244.32, 17.68, 39.75, 3.35, 389.86, 51.40),
('2008-01-01', 10014.45, 10017.22, 11151.45, 14428.26, 13261.53, 16538.35, 16538.35, 573.25, 573.38, 639.21, 830.63, 766.23, 957.65, 957.65, 1053.41, 11668.42, 3901.72, 11759.83, 5314.77, 3204.49, 814.01, 407.14, 1429.91, 98.89, 187.55, 10.64, 292.42, 15.91, 45.49, 2.95, 420.64, 52.61),
('2009-01-01', 11693.44, 11704.39, 13662.88, 19470.08, 16596.90, 22404.10, 22404.10, 534.62, 535.12, 625.71, 885.42, 755.24, 1014.95, 1014.95, 1116.44, 19091.88, 4672.99, 14100.49, 6773.43, 3446.41, 1247.45, 412.34, 1531.18, 34.37, 316.57, 0.36, 338.38, 16.36, 51.69, 4.62, 412.47, 49.66),
('2010-01-01', 12053.96, 12191.79, 13982.16, 18956.20, 17135.10, 22109.13, 22109.13, 692.54, 707.76, 805.00, 1065.38, 980.49, 1240.86, 1240.86, 1364.94, 16622.22, 5323.40, 14672.48, 7734.19, 3192.52, 1358.09, 417.21, 1327.63, 48.45, 241.99, 3.35, 349.08, 30.34, 14.05, 45.70, 15.72, 40.50),
('2011-01-01', 15241.33, 15887.72, 17303.53, 24923.81, 21270.60, 28890.88, 28890.88, 909.74, 975.72, 1043.29, 1459.57, 1279.76, 1696.05, 1696.05, 1865.65, 25335.73, 6077.96, 18802.57, 10355.67, 3430.22, 2021.88, 513.43, 1672.18, 25.88, 331.14, 2.61, 449.56, 42.92, 15.01, 58.63, 19.33, 39.02),
('2012-01-01', 16913.03, 16938.51, 19559.17, 26977.90, 24286.19, 31704.92, 31704.92, 867.23, 868.41, 976.38, 1313.57, 1243.96, 1581.14, 1581.14, 1739.26, 25487.65, 7980.92, 21155.19, 10814.02, 3725.03, 2129.74, 734.31, 1823.34, 229.86, 1198.35, 2.73, 497.83, 15.60, 63.46, 3.00, 394.91, 43.49),
('2013-01-01', 13988.53, 13988.53, 14978.86, 21990.40, 19151.01, 26162.54, 26566.93, 722.94, 722.94, 771.56, 1114.33, 980.62, 1323.38, 1345.33, 1479.86, 21525.10, 3465.74, 17823.46, 8162.05, 2082.89, 2749.31, 875.37, 2736.34, 392.61, 410.12, 1.10, 413.67, 19.27, 53.12, 8.89, 348.95, 36.97),
('2014-01-01', 20512.21, 20512.21, 23220.79, 33325.23, 28940.98, 39045.42, 39093.24, 859.26, 859.26, 986.70, 1388.16, 1214.06, 1615.51, 1618.23, 1780.06, 33164.11, 7814.16, 25919.04, 13668.98, 4312.43, 2425.10, 1003.58, 2683.75, 295.23, 910.34, 7.55, 612.09, 14.93, 62.46, 8.19, 388.08, 36.89),
('2015-01-01', 20377.65, 20466.23, 24302.70, 33415.11, 31903.64, 40971.04, 41234.33, 906.39, 907.90, 1070.13, 1492.20, 1419.99, 1842.07, 1854.52, 2039.97, 27104.00, 11253.41, 27368.10, 15638.23, 2794.01, 4190.34, 747.33, 2442.73, 25.23, 929.88, 0.00, 600.37, 18.85, 65.45, 8.22, 367.27, 21.84),
('2016-01-01', 17635.61, 17635.61, 21133.13, 29297.22, 25921.17, 34085.25, 34332.31, 1029.26, 1029.26, 1248.22, 1666.12, 1552.40, 1970.30, 1981.30, 2179.43, 24740.96, 7924.72, 21704.04, 9773.10, 2428.20, 5127.42, 642.07, 2281.93, 575.90, 348.97, 13.84, 512.61, 15.57, 49.64, 1.58, 309.27, 14.85),
('2017-01-01', 22343.71, 22343.71, 25831.72, 32747.61, 33378.82, 40294.71, 40470.56, 1342.90, 1342.90, 1558.49, 1964.07, 2045.66, 2451.25, 2464.22, 2710.64, 20717.79, 10996.89, 29148.36, 15287.07, 4923.92, 3538.21, 980.97, 2851.09, 64.88, 835.54, 12.11, 654.58, 17.06, 64.33, 2.58, 381.82, 29.77),
('2018-01-01', 31678.23, 32775.08, 35360.23, 48603.64, 41721.06, 54964.47, 55091.29, 1114.01, 1141.29, 1294.66, 1691.57, 1540.73, 1937.64, 1940.66, 2134.73, 39068.66, 11291.62, 37623.35, 17632.62, 2411.50, 7036.69, 632.38, 5466.82, 1737.04, 1613.68, 44.85, 947.33, 18.94, 109.66, 5.19, 471.23, 19.02),
('2019-01-01', 24632.55, 26257.92, 27401.19, 36204.13, 33676.99, 42479.94, 42919.28, 1471.67, 1677.86, 1629.15, 2312.24, 1954.60, 2637.68, 2661.43, 2927.57, 23385.91, 11724.91, 30520.06, 14099.20, 4214.99, 6994.54, 963.31, 2266.24, 508.64, 671.39, 45.22, 734.66, 15.48, 62.99, 7.29, 376.02, 20.21),
('2020-01-01', 16038.85, 16286.24, 18284.26, 25008.42, 22520.57, 29241.73, 29357.65, 820.45, 841.91, 938.99, 1274.10, 1159.95, 1495.06, 1501.06, 1651.16, 20998.52, 6798.62, 19820.32, 9721.77, 3199.71, 2796.90, 624.10, 2122.62, 274.45, 590.26, 10.02, 472.33, 16.22, 58.17, 4.47, 414.76, 17.58);

-- --------------------------------------------------------

--
-- Table structure for table `jute_data`
--

CREATE TABLE `jute_data` (
  `Dates` date DEFAULT NULL,
  `A1` float(10,2) DEFAULT NULL,
  `A2` float(10,2) DEFAULT NULL,
  `B1` float(10,2) DEFAULT NULL,
  `B2` float(10,2) DEFAULT NULL,
  `C1` float(10,2) DEFAULT NULL,
  `C2` float(10,2) DEFAULT NULL,
  `C2R` float(10,2) DEFAULT NULL,
  `A1P` float(10,2) DEFAULT NULL,
  `A2P` float(10,2) DEFAULT NULL,
  `B1P` float(10,2) DEFAULT NULL,
  `B2P` float(10,2) DEFAULT NULL,
  `C1P` float(10,2) DEFAULT NULL,
  `C2P` float(10,2) DEFAULT NULL,
  `C2PR` float(10,2) DEFAULT NULL,
  `C3P` float(10,2) DEFAULT NULL,
  `VMP` float(10,2) DEFAULT NULL,
  `VBP` float(10,2) DEFAULT NULL,
  `OC` float(10,2) DEFAULT NULL,
  `HL` float(10,2) DEFAULT NULL,
  `AL` float(10,2) DEFAULT NULL,
  `ML` float(10,2) DEFAULT NULL,
  `Seed` float(10,2) DEFAULT NULL,
  `FertMan` float(10,2) DEFAULT NULL,
  `Insect` float(10,2) DEFAULT NULL,
  `IC` float(10,2) DEFAULT NULL,
  `Miscellaneous` float(10,2) DEFAULT NULL,
  `IWC` float(10,2) DEFAULT NULL,
  `SeedPK` float(10,2) DEFAULT NULL,
  `FertPK` float(10,2) DEFAULT NULL,
  `ManureQ` float(10,2) DEFAULT NULL,
  `HLhr` float(10,2) DEFAULT NULL,
  `ALhr` float(10,2) DEFAULT NULL
) ENGINE=InnoDB DEFAULT CHARSET=utf8mb4;

--
-- Dumping data for table `jute_data`
--

INSERT INTO `jute_data` (`Dates`, `A1`, `A2`, `B1`, `B2`, `C1`, `C2`, `C2R`, `A1P`, `A2P`, `B1P`, `B2P`, `C1P`, `C2P`, `C2PR`, `C3P`, `VMP`, `VBP`, `OC`, `HL`, `AL`, `ML`, `Seed`, `FertMan`, `Insect`, `IC`, `Miscellaneous`, `IWC`, `SeedPK`, `FertPK`, `ManureQ`, `HLhr`, `ALhr`) VALUES
('2005-01-01', 17569.31, 17569.31, 18421.31, 20421.31, 20421.31, 22819.96, 22819.96, 5291.48, 5678.00, 5971.00, 6027.00, 7000.00, 7043.00, 7043.00, 8000.00, 5003.00, 472.00, 12278.30, 9002.13, 1524.45, 284.78, 267.43, 1099.38, 0.00, 461.43, 0.00, 195.38, 8.87, 46.54, 13.73, 1291.51, 140.13),
('2006-01-01', 18905.32, 18905.32, 20042.32, 22562.32, 22562.32, 23258.00, 23258.00, 5999.31, 6025.00, 6334.00, 6677.00, 7831.00, 8000.00, 8000.00, 8349.00, 5821.00, 500.00, 13614.16, 9236.31, 2162.70, 249.60, 258.72, 1053.17, 0.00, 559.89, 0.00, 198.93, 41.36, 13.95, 23.15, 7.49, 15.39),
('2007-01-01', 26631.90, 26631.90, 29631.09, 31732.09, 31732.09, 33585.00, 33585.00, 7294.85, 7448.00, 7596.00, 7699.00, 8263.00, 8267.00, 8267.00, 8583.00, 5836.00, 472.00, 18574.31, 12532.78, 1847.37, 651.75, 253.18, 1251.65, 0.00, 27.39, 0.00, 310.47, 6.76, 39.14, 36.44, 1369.15, 123.72),
('2008-01-01', 25012.03, 25012.03, 30012.03, 32792.03, 32792.03, 39289.00, 39289.00, 7529.69, 7638.00, 7643.00, 7946.00, 8639.00, 8600.00, 8600.00, 9479.00, 6284.00, 578.00, 17008.37, 11939.52, 1780.10, 881.04, 298.84, 1455.43, 0.00, 55.83, 0.00, 318.43, 6.94, 31.22, 36.06, 1570.88, 123.77),
('2009-01-01', 22020.89, 22020.89, 29020.89, 31921.89, 31921.89, 40195.00, 40195.00, 7599.32, 7903.00, 8040.00, 8200.00, 9126.00, 9127.00, 9127.00, 9368.00, 9572.00, 612.00, 15508.20, 10266.66, 1837.94, 702.53, 400.29, 1633.17, 0.00, 79.49, 0.00, 262.81, 7.43, 50.81, 16.82, 1594.82, 120.55),
('2010-01-01', 23842.25, 23842.25, 30054.25, 32054.25, 32054.25, 35555.00, 35555.00, 8168.90, 8208.00, 8215.00, 8215.00, 9947.00, 10000.00, 10000.00, 9999.00, 10482.00, 532.00, 17213.97, 12339.21, 1847.71, 668.93, 356.69, 1286.84, 0.00, 54.30, 0.00, 309.56, 7.48, 51.81, 16.86, 1596.78, 121.38),
('2011-01-01', 30788.21, 30788.21, 34784.21, 38290.21, 38290.21, 40056.00, 40056.00, 8199.42, 9139.00, 9688.00, 10785.00, 13825.00, 14000.00, 14000.00, 14638.00, 12369.00, 418.00, 22245.85, 16246.72, 2567.31, 730.70, 355.71, 1460.66, 0.00, 29.78, 0.00, 414.11, 7.09, 41.44, 19.89, 1661.48, 135.30),
('2012-01-01', 30852.21, 30852.21, 35321.21, 38321.21, 38321.21, 45641.00, 45641.00, 9999.31, 10397.00, 11598.00, 11555.00, 15782.00, 14500.00, 14500.00, 15381.00, 13258.00, 463.00, 22279.58, 16229.62, 2588.63, 715.44, 376.59, 1490.51, 0.00, 521.56, 0.00, 417.36, 7.66, 40.10, 36.31, 1558.06, 65.59),
('2013-01-01', 41208.20, 41208.20, 46538.20, 47106.20, 47106.20, 51239.00, 51239.00, 11569.28, 12675.00, 12469.00, 12539.00, 16112.00, 16358.00, 16358.00, 16573.00, 15936.00, 512.00, 29499.88, 22841.96, 2731.16, 973.29, 348.42, 1553.37, 0.00, 1237.34, 0.00, 491.79, 7.63, 33.12, 19.36, 1508.87, 44.68),
('2014-01-01', 50522.69, 50522.69, 55921.69, 56174.69, 56174.69, 59054.00, 59054.00, 12547.74, 12546.00, 12104.00, 13655.00, 19957.00, 21752.00, 21752.00, 16570.00, 16374.00, 800.00, 38720.74, 31384.43, 1973.69, 2127.87, 273.80, 2276.46, 0.00, 1410.14, 0.00, 630.32, 7.51, 33.52, 20.31, 1372.90, 45.10),
('2015-01-01', 55289.55, 55289.55, 60289.55, 61983.55, 61983.55, 61596.00, 61596.00, 13211.56, 14900.00, 15703.00, 15658.00, 22759.00, 23456.00, 23456.00, 25693.00, 17949.00, 567.00, 43044.74, 34863.59, 1811.71, 2807.21, 291.45, 2566.20, 0.00, 1478.93, 0.00, 628.73, 7.54, 51.42, 1.39, 1440.98, 121.80),
('2016-01-01', 60043.73, 60043.73, 63840.73, 65921.73, 65921.73, 73773.00, 73773.00, 15694.06, 16670.00, 16705.00, 17512.00, 25931.00, 25842.00, 25842.00, 25936.00, 19321.00, 702.00, 43147.88, 34207.89, 1832.18, 3136.06, 300.71, 2679.02, 0.00, 1536.48, 0.00, 643.09, 7.92, 22.27, 0.30, 1422.09, 26.43),
('2017-01-01', 66408.93, 66408.93, 69812.32, 70006.32, 70006.32, 71578.00, 71578.00, 16947.92, 18686.00, 18171.00, 19449.00, 24269.00, 26498.00, 26498.00, 27000.00, 18493.00, 506.00, 52028.10, 41667.63, 5442.46, 512.43, 301.41, 1864.31, 0.00, 1597.05, 0.00, 592.96, 7.49, 24.97, 0.00, 1368.10, 26.07),
('2018-01-01', 69796.89, 69796.89, 75221.89, 77621.89, 77621.89, 77799.00, 77799.00, 18326.46, 19858.00, 19539.00, 19696.00, 24769.00, 28682.00, 23682.00, 26486.00, 19437.00, 538.00, 52093.62, 42833.25, 1163.41, 3805.76, 386.57, 960.07, 0.00, 1613.12, 25.85, 553.59, 7.54, 123.47, 1.83, 1214.68, 21.32),
('2019-01-01', 70647.87, 70647.87, 75647.87, 77747.87, 77747.87, 78172.00, 78172.00, 20575.64, 21765.00, 21731.00, 22572.00, 25832.00, 29648.00, 24648.00, 25836.00, 20732.00, 609.00, 55363.26, 44629.87, 1180.90, 3708.49, 1873.53, 946.07, 0.00, 1658.51, 45.21, 678.38, 7.44, 118.45, 3.43, 1098.07, 36.32),
('2020-01-01', 70694.36, 70649.21, 75700.21, 77799.21, 77799.21, 79728.00, 79728.00, 21111.58, 21546.00, 22690.00, 25204.00, 26007.00, 29932.00, 25673.00, 27491.00, 24381.00, 589.00, 55373.21, 45713.63, 1221.36, 3653.21, 2169.52, 853.12, 0.00, 1689.94, 50.27, 700.52, 7.45, 120.62, 4.20, 1064.46, 31.73);

-- --------------------------------------------------------

--
-- Table structure for table `moong_data`
--

CREATE TABLE `moong_data` (
  `Dates` date DEFAULT NULL,
  `A1` float(10,2) DEFAULT NULL,
  `A2` float(10,2) DEFAULT NULL,
  `B1` float(10,2) DEFAULT NULL,
  `B2` float(10,2) DEFAULT NULL,
  `C1` float(10,2) DEFAULT NULL,
  `C2` float(10,2) DEFAULT NULL,
  `C2R` float(10,2) DEFAULT NULL,
  `A1P` float(10,2) DEFAULT NULL,
  `A2P` float(10,2) DEFAULT NULL,
  `B1P` float(10,2) DEFAULT NULL,
  `B2P` float(10,2) DEFAULT NULL,
  `C1P` float(10,2) DEFAULT NULL,
  `C2P` float(10,2) DEFAULT NULL,
  `C2PR` float(10,2) DEFAULT NULL,
  `C3P` float(10,2) DEFAULT NULL,
  `VMP` float(10,2) DEFAULT NULL,
  `VBP` float(10,2) DEFAULT NULL,
  `OC` float(10,2) DEFAULT NULL,
  `HL` float(10,2) DEFAULT NULL,
  `AL` float(10,2) DEFAULT NULL,
  `ML` float(10,2) DEFAULT NULL,
  `Seed` float(10,2) DEFAULT NULL,
  `FertMan` float(10,2) DEFAULT NULL,
  `Insect` float(10,2) DEFAULT NULL,
  `IC` float(10,2) DEFAULT NULL,
  `Miscellaneous` float(10,2) DEFAULT NULL,
  `IWC` float(10,2) DEFAULT NULL,
  `SeedPK` float(10,2) DEFAULT NULL,
  `FertPK` float(10,2) DEFAULT NULL,
  `ManureQ` float(10,2) DEFAULT NULL,
  `HLhr` float(10,2) DEFAULT NULL,
  `ALhr` float(10,2) DEFAULT NULL
) ENGINE=InnoDB DEFAULT CHARSET=utf8mb4;

--
-- Dumping data for table `moong_data`
--

INSERT INTO `moong_data` (`Dates`, `A1`, `A2`, `B1`, `B2`, `C1`, `C2`, `C2R`, `A1P`, `A2P`, `B1P`, `B2P`, `C1P`, `C2P`, `C2PR`, `C3P`, `VMP`, `VBP`, `OC`, `HL`, `AL`, `ML`, `Seed`, `FertMan`, `Insect`, `IC`, `Miscellaneous`, `IWC`, `SeedPK`, `FertPK`, `ManureQ`, `HLhr`, `ALhr`) VALUES
('2005-01-01', 3153.37, 3178.96, 3624.51, 5077.73, 5080.02, 6533.24, 6625.18, 973.20, 981.01, 1124.00, 1560.54, 1555.61, 1992.15, 2020.18, 2222.20, 5540.26, 279.78, 4423.55, 2198.48, 1036.90, 387.19, 630.99, 53.40, 7.30, 19.35, 0.00, 89.94, 30.07, 1.12, 0.79, 349.15, 89.07),
('2006-01-01', 3062.01, 3079.91, 3726.97, 5916.92, 5401.00, 7590.95, 7617.55, 866.55, 872.33, 1066.74, 1679.00, 1529.35, 2141.61, 2151.86, 2367.05, 8352.64, 373.60, 4518.50, 2399.77, 1046.12, 175.23, 764.58, 42.77, 0.00, 3.83, 0.00, 86.20, 29.90, 1.21, 0.65, 352.67, 95.70),
('2007-01-01', 3055.43, 3070.14, 3703.22, 5767.16, 5407.69, 7471.63, 7471.63, 978.56, 984.28, 1204.76, 1851.83, 1753.61, 2400.68, 2400.68, 2640.75, 7858.33, 371.17, 4551.16, 2388.78, 993.20, 146.02, 872.68, 44.68, 1.60, 17.93, 0.00, 86.27, 29.20, 1.92, 0.36, 333.40, 93.02),
('2008-01-01', 3228.20, 3242.62, 3809.71, 5823.65, 5810.48, 7824.42, 8226.15, 954.55, 959.38, 1136.86, 1741.97, 1731.76, 2336.87, 2459.85, 2705.83, 7640.30, 388.47, 5037.42, 2769.97, 1058.04, 261.01, 812.27, 27.41, 12.50, 4.20, 0.00, 92.02, 29.08, 0.91, 0.12, 362.48, 97.24),
('2009-01-01', 3281.82, 3318.27, 3832.12, 6101.71, 5997.39, 8266.98, 8400.33, 1037.57, 1049.06, 1210.85, 1930.19, 1894.81, 2614.14, 2657.56, 2923.32, 8573.93, 431.81, 5221.50, 2928.25, 1116.27, 119.63, 947.59, 15.65, 0.00, 1.50, 0.00, 92.61, 29.92, 0.69, 0.20, 336.44, 102.46),
('2010-01-01', 4168.30, 4212.68, 4733.08, 8765.82, 7297.01, 11329.74, 11635.45, 1250.42, 1263.55, 1418.82, 2636.72, 2197.27, 3415.17, 3507.92, 3858.71, 15635.35, 424.70, 6499.54, 3592.98, 1182.55, 131.60, 1455.91, 10.65, 5.24, 1.35, 0.00, 119.26, 29.57, 0.49, 0.06, 346.55, 100.23),
('2011-01-01', 4534.36, 4583.15, 5079.67, 8456.98, 8182.73, 11560.04, 11794.54, 1477.57, 1492.83, 1647.34, 2736.23, 2669.10, 3758.00, 3834.26, 4217.68, 13031.21, 382.29, 7414.92, 4284.71, 1263.94, 113.36, 1608.09, 5.39, 8.76, 0.00, 0.00, 130.67, 29.87, 0.12, 0.08, 318.03, 93.95),
('2012-01-01', 5436.81, 5436.81, 6247.09, 9503.61, 10096.11, 13352.63, 13577.39, 1645.43, 1645.43, 1882.83, 2863.13, 3027.74, 4008.04, 4072.07, 4479.28, 12489.28, 536.79, 8964.69, 5259.68, 1645.86, 342.80, 1414.37, 146.93, 0.03, 0.00, 0.00, 155.02, 30.33, 3.66, 1.33, 340.86, 86.39),
('2013-01-01', 5745.45, 5769.42, 6545.57, 10079.61, 11743.84, 15277.87, 15277.87, 1811.35, 1819.22, 2058.95, 3188.15, 3726.33, 4855.53, 4855.53, 5341.08, 13627.42, 493.45, 10630.07, 6542.76, 1999.83, 409.26, 1412.49, 96.38, 0.00, 4.75, 0.00, 164.60, 28.35, 1.66, 0.66, 332.53, 98.64),
('2014-01-01', 5800.98, 5845.87, 6549.84, 10681.93, 12273.53, 16405.62, 16749.80, 1792.19, 1806.83, 2019.31, 3291.41, 3812.13, 5084.23, 5183.34, 5701.67, 15825.03, 662.93, 11277.40, 7231.00, 1647.75, 619.63, 1572.38, 38.34, 0.00, 0.00, 0.00, 168.30, 27.96, 1.64, 0.12, 309.95, 79.58),
('2015-01-01', 6286.50, 6362.27, 7271.72, 12344.93, 14183.87, 19257.07, 19489.07, 1831.70, 1851.58, 2127.57, 3595.65, 4150.65, 5618.72, 5690.32, 6259.36, 19442.22, 805.42, 12849.41, 8663.20, 1144.76, 1332.42, 1504.44, 7.70, 0.00, 16.97, 0.00, 179.92, 25.65, 0.10, 0.04, 310.37, 44.50),
('2016-01-01', 6145.89, 6191.24, 7271.55, 12018.91, 15070.84, 19818.20, 19858.77, 2341.96, 2357.08, 2768.95, 4401.01, 5556.73, 7188.79, 7207.11, 7927.82, 18226.29, 727.69, 13499.51, 8479.68, 1537.70, 1522.17, 1704.76, 3.62, 0.93, 77.92, 0.00, 172.73, 24.98, 0.09, 0.00, 283.63, 47.09),
('2017-01-01', 6277.22, 6306.40, 7497.04, 11566.62, 15458.44, 19528.01, 19528.01, 2086.86, 2097.47, 2494.26, 3828.13, 5221.28, 6555.15, 6555.15, 7210.67, 15501.05, 764.95, 13820.65, 8773.85, 1823.70, 1427.71, 1606.27, 10.68, 0.00, 0.89, 0.00, 177.55, 25.10, 0.28, 0.00, 273.85, 46.51),
('2018-01-01', 7022.52, 7023.03, 7717.65, 12122.90, 15894.18, 20299.44, 20299.44, 1845.68, 1845.80, 2029.18, 3171.20, 4183.39, 5325.42, 5325.42, 5857.96, 16688.47, 932.41, 14797.17, 9519.39, 1702.64, 1601.73, 1515.80, 163.13, 67.23, 14.69, 11.94, 200.62, 28.38, 3.73, 0.00, 277.60, 38.11),
('2019-01-01', 7008.67, 7027.16, 7744.10, 12302.55, 14978.28, 19536.73, 19777.85, 2056.05, 2062.08, 2273.92, 3576.54, 4366.58, 5669.20, 5732.98, 6306.27, 17286.48, 927.65, 13834.04, 9160.26, 984.60, 1850.35, 1331.53, 240.44, 27.62, 17.93, 21.33, 199.98, 25.38, 3.92, 0.12, 270.31, 31.89),
('2020-01-01', 7287.02, 7304.00, 7893.43, 14844.01, 17085.71, 24036.30, 24036.30, 1699.10, 1702.96, 1840.62, 3449.81, 3976.13, 5585.33, 5585.33, 6143.86, 26554.23, 1185.46, 16064.32, 10874.38, 1042.37, 2046.54, 1585.20, 232.52, 56.03, 15.09, 3.95, 208.24, 25.35, 4.53, 0.12, 297.05, 29.12);

-- --------------------------------------------------------

--
-- Table structure for table `msp`
--

CREATE TABLE `msp` (
  `Dates` date DEFAULT NULL,
  `NIGERSEED` float(10,2) DEFAULT NULL,
  `JOWAR` float(10,2) DEFAULT NULL,
  `COTTON` float(10,2) DEFAULT NULL,
  `COCONUT` float(10,2) DEFAULT NULL,
  `MOONG` float(10,2) DEFAULT NULL,
  `BAJRA` float(10,2) DEFAULT NULL,
  `PADDY` float(10,2) DEFAULT NULL,
  `JUTE` float(10,2) DEFAULT NULL,
  `WHEAT` float(10,2) DEFAULT NULL,
  `SESAMUM` float(10,2) DEFAULT NULL,
  `SUNFLOWERSEED` float(10,2) DEFAULT NULL,
  `ARHAR` float(10,2) DEFAULT NULL
) ENGINE=InnoDB DEFAULT CHARSET=utf8mb4;

--
-- Dumping data for table `msp`
--

INSERT INTO `msp` (`Dates`, `NIGERSEED`, `JOWAR`, `COTTON`, `COCONUT`, `MOONG`, `BAJRA`, `PADDY`, `JUTE`, `WHEAT`, `SESAMUM`, `SUNFLOWERSEED`, `ARHAR`) VALUES
('2005-01-01', 830.00, 400.00, 1910.00, 950.00, 1280.00, 595.00, 615.00, 1095.00, 685.00, 20.00, 455.00, 1860.00),
('2006-01-01', 1130.00, 590.00, 2010.00, 1005.00, 1930.00, 655.00, 730.00, 1225.00, 790.00, 300.00, 960.00, 1920.00),
('2007-01-01', 1640.00, 710.00, 2460.00, 1100.00, 2370.00, 715.00, 865.00, 1390.00, 945.00, 1000.00, 1245.00, 2250.00),
('2008-01-01', 2005.00, 825.00, 2830.00, 1190.00, 2845.00, 790.00, 950.00, 1440.00, 1005.00, 1800.00, 1860.00, 2780.00),
('2009-01-01', 2450.00, 900.00, 3000.00, 1200.00, 3170.00, 880.00, 1030.00, 1575.00, 1120.00, 2900.00, 2350.00, 3000.00),
('2010-01-01', 2900.00, 1000.00, 3300.00, 1200.00, 3500.00, 980.00, 1110.00, 1675.00, 1285.00, 3400.00, 2800.00, 3200.00),
('2011-01-01', 3500.00, 1520.00, 3900.00, 1400.00, 4400.00, 1175.00, 1280.00, 2200.00, 1350.00, 4200.00, 3700.00, 3850.00),
('2012-01-01', 3500.00, 1520.00, 4000.00, 1425.00, 4500.00, 1250.00, 1345.00, 2300.00, 1400.00, 4500.00, 3700.00, 4300.00),
('2013-01-01', 3600.00, 1550.00, 4050.00, 1425.00, 4600.00, 1250.00, 1400.00, 2400.00, 1450.00, 4600.00, 3750.00, 4350.00),
('2014-01-01', 3650.00, 1590.00, 4100.00, 1500.00, 4850.00, 1275.00, 1450.00, 2700.00, 1525.00, 4700.00, 3800.00, 4625.00),
('2015-01-01', 3825.00, 1650.00, 4160.00, 1600.00, 5225.00, 1330.00, 1510.00, 3200.00, 1625.00, 5000.00, 3950.00, 5050.00),
('2016-01-01', 4050.00, 1725.00, 4320.00, 1760.00, 5575.00, 1425.00, 1590.00, 3500.00, 1735.00, 5300.00, 4100.00, 5450.00),
('2017-01-01', 5877.00, 2450.00, 5450.00, 2030.00, 6975.00, 1950.00, 1770.00, 3700.00, 1840.00, 6249.00, 5388.00, 5675.00),
('2018-01-01', 5940.00, 2570.00, 5550.00, 2571.00, 7050.00, 2000.00, 1835.00, 3950.00, 1925.00, 6485.00, 5650.00, 5800.00),
('2019-01-01', 6695.00, 2640.00, 5825.00, 2700.00, 7196.00, 2150.00, 1888.00, 4225.00, 1975.00, 6855.00, 5885.00, 6000.00),
('2020-01-01', 6930.00, 2758.00, 6025.00, 2800.00, 7275.00, 2250.00, 1960.00, 4500.00, 2015.00, 7307.00, 6015.00, 6300.00);

-- --------------------------------------------------------

--
-- Table structure for table `nigerseed_data`
--

CREATE TABLE `nigerseed_data` (
  `Dates` date DEFAULT NULL,
  `A1` float(10,2) DEFAULT NULL,
  `A2` float(10,2) DEFAULT NULL,
  `B1` float(10,2) DEFAULT NULL,
  `B2` float(10,2) DEFAULT NULL,
  `C1` float(10,2) DEFAULT NULL,
  `C2` float(10,2) DEFAULT NULL,
  `C2R` float(10,2) DEFAULT NULL,
  `A1P` float(10,2) DEFAULT NULL,
  `A2P` float(10,2) DEFAULT NULL,
  `B1P` float(10,2) DEFAULT NULL,
  `B2P` float(10,2) DEFAULT NULL,
  `C1P` float(10,2) DEFAULT NULL,
  `C2P` float(10,2) DEFAULT NULL,
  `C2PR` float(10,2) DEFAULT NULL,
  `C3P` float(10,2) DEFAULT NULL,
  `VMP` float(10,2) DEFAULT NULL,
  `VBP` float(10,2) DEFAULT NULL,
  `OC` float(10,2) DEFAULT NULL,
  `HL` float(10,2) DEFAULT NULL,
  `AL` float(10,2) DEFAULT NULL,
  `ML` float(10,2) DEFAULT NULL,
  `Seed` float(10,2) DEFAULT NULL,
  `FertMan` float(10,2) DEFAULT NULL,
  `Insect` float(10,2) DEFAULT NULL,
  `IC` float(10,2) DEFAULT NULL,
  `Miscellaneous` float(10,2) DEFAULT NULL,
  `IWC` float(10,2) DEFAULT NULL,
  `SeedPK` float(10,2) DEFAULT NULL,
  `FertPK` float(10,2) DEFAULT NULL,
  `ManureQ` float(10,2) DEFAULT NULL,
  `HLhr` float(10,2) DEFAULT NULL,
  `ALhr` float(10,2) DEFAULT NULL
) ENGINE=InnoDB DEFAULT CHARSET=utf8mb4;

--
-- Dumping data for table `nigerseed_data`
--

INSERT INTO `nigerseed_data` (`Dates`, `A1`, `A2`, `B1`, `B2`, `C1`, `C2`, `C2R`, `A1P`, `A2P`, `B1P`, `B2P`, `C1P`, `C2P`, `C2PR`, `C3P`, `VMP`, `VBP`, `OC`, `HL`, `AL`, `ML`, `Seed`, `FertMan`, `Insect`, `IC`, `Miscellaneous`, `IWC`, `SeedPK`, `FertPK`, `ManureQ`, `HLhr`, `ALhr`) VALUES
('2005-01-01', 2578.55, 2578.55, 2983.94, 4111.13, 4492.96, 5620.15, 5620.15, 857.85, 857.85, 992.72, 1367.72, 1494.74, 1869.74, 1869.74, 2056.71, 4445.26, 63.50, 3797.21, 1822.52, 1741.38, 0.00, 163.97, 0.00, 0.00, 0.00, 0.00, 69.34, 10.25, 0.00, 0.00, 271.14, 139.85),
('2006-01-01', 3418.44, 4330.95, 3711.60, 4947.62, 4323.18, 5559.19, 5637.53, 1305.50, 1653.99, 1417.46, 1889.49, 1651.02, 2123.05, 2153.92, 2369.31, 4076.62, 27.19, 3908.98, 1907.81, 1470.54, 0.00, 430.71, 0.00, 0.00, 0.00, 0.00, 99.92, 22.17, 0.00, 0.00, 261.68, 128.64),
('2007-01-01', 2420.80, 2420.80, 2661.57, 3554.07, 4364.99, 5257.49, 5740.78, 1084.95, 1084.95, 1192.86, 1592.86, 1956.30, 2356.30, 2572.90, 2830.19, 3520.00, 50.00, 3981.44, 2143.41, 1589.00, 0.00, 180.00, 0.00, 0.00, 0.00, 0.00, 69.03, 10.00, 0.00, 0.00, 262.67, 135.00),
('2008-01-01', 3705.30, 4465.73, 3871.28, 5086.98, 4718.85, 5934.56, 6113.36, 1354.17, 1632.08, 1414.83, 1859.13, 1724.59, 2168.89, 2235.61, 2459.17, 5227.24, 27.95, 4479.98, 2351.79, 1749.11, 0.00, 269.01, 0.00, 0.00, 0.00, 0.00, 110.07, 10.76, 0.00, 0.00, 289.21, 117.59),
('2009-01-01', 4183.58, 4183.58, 4759.62, 6910.02, 6040.67, 8191.07, 8191.07, 1431.62, 1431.62, 1628.74, 2364.61, 2067.12, 2802.99, 2802.99, 3083.29, 8549.57, 52.04, 5197.22, 2811.89, 1917.15, 0.00, 349.51, 0.00, 0.00, 0.00, 0.00, 118.67, 10.28, 0.00, 0.00, 295.25, 111.67),
('2010-01-01', 4378.26, 4378.26, 4907.79, 7654.04, 6558.67, 9304.92, 9385.87, 1381.40, 1381.40, 1548.48, 2414.95, 2069.35, 2935.83, 2962.70, 3258.96, 10922.50, 62.47, 5744.82, 3291.80, 1982.83, 0.00, 346.12, 0.00, 0.00, 0.00, 0.00, 124.07, 10.10, 0.00, 0.00, 299.80, 120.04),
('2011-01-01', 5088.15, 5088.15, 5616.00, 8406.21, 7408.07, 10198.28, 10234.10, 1576.60, 1576.60, 1740.15, 2604.72, 2295.44, 3160.00, 3168.86, 3485.75, 11093.16, 67.68, 6540.91, 2047.62, 0.00, 353.39, 353.39, 0.00, 0.00, 0.00, 0.00, 143.90, 10.10, 0.00, 0.00, 312.06, 116.64),
('2012-01-01', 5869.49, 5869.49, 6779.97, 9201.37, 11530.34, 13951.74, 13951.74, 1274.20, 1274.20, 1471.85, 1997.51, 2503.10, 3028.76, 3028.76, 3331.64, 9553.80, 131.79, 10208.54, 6414.85, 3369.66, 0.00, 258.63, 0.00, 0.00, 0.00, 0.00, 165.40, 10.00, 0.00, 0.00, 428.02, 148.67),
('2013-01-01', 5363.29, 5363.29, 6162.81, 10699.64, 12194.53, 16731.36, 16963.23, 1018.41, 1018.41, 1170.23, 2031.71, 2315.57, 3177.04, 3219.05, 3540.96, 17976.36, 170.93, 11028.88, 6919.19, 3523.87, 66.70, 367.69, 0.00, 0.00, 0.00, 0.00, 151.43, 10.00, 0.00, 0.00, 398.61, 133.44),
('2014-01-01', 5215.15, 5215.15, 6172.17, 10058.93, 12875.43, 16762.19, 17425.40, 1213.60, 1213.60, 1436.30, 2340.77, 2996.19, 3900.66, 4054.41, 4459.85, 15265.25, 281.76, 11418.02, 7587.62, 3157.32, 146.47, 383.73, 0.00, 0.00, 0.00, 0.00, 142.88, 38.10, 0.00, 0.00, 20.54, 27.61),
('2015-01-01', 5856.95, 5856.95, 8053.25, 13746.08, 15205.12, 20897.95, 21707.31, 1873.02, 1873.02, 2606.99, 4401.76, 5011.42, 6806.19, 7075.69, 7783.26, 22262.89, 508.44, 12422.55, 8589.63, 1904.75, 578.91, 1189.54, 0.00, 0.00, 0.00, 0.00, 159.72, 50.00, 0.00, 0.00, 25.73, 36.25),
('2016-01-01', 6101.44, 6101.44, 7985.15, 11528.77, 16037.20, 19580.82, 19580.82, 2582.71, 2582.71, 3380.08, 4880.08, 6788.48, 8288.48, 8288.48, 9117.33, 13936.27, 238.22, 13720.67, 8052.05, 4896.84, 0.00, 600.00, 0.00, 0.00, 0.00, 0.00, 171.78, 10.00, 0.00, 0.00, 310.53, 118.84),
('2017-01-01', 6817.48, 6817.48, 8554.88, 11817.12, 17765.19, 21027.43, 21027.43, 2873.49, 2873.49, 3605.78, 4980.77, 7487.81, 8862.81, 8862.81, 9749.09, 12819.78, 229.19, 15224.22, 9210.31, 5228.33, 0.00, 603.33, 0.00, 0.00, 0.00, 0.00, 182.25, 10.06, 0.00, 0.00, 293.60, 119.61),
('2018-01-01', 8433.70, 8433.70, 9475.92, 13386.82, 18751.80, 22662.69, 22662.69, 3008.99, 3008.99, 3381.73, 4778.11, 6744.59, 8140.97, 8140.97, 8955.07, 15643.60, 0.00, 17276.06, 11394.18, 3474.72, 1284.21, 675.67, 204.86, 0.00, 0.00, 0.00, 242.42, 11.39, 0.00, 2.05, 339.59, 78.06),
('2019-01-01', 6234.32, 6234.32, 7146.39, 10650.29, 15241.35, 18745.25, 18943.95, 2189.23, 2189.23, 2514.74, 3768.44, 5425.25, 6678.95, 6741.62, 7415.78, 14015.60, 0.00, 13790.55, 9462.57, 2492.26, 941.08, 645.33, 76.69, 0.00, 0.00, 0.04, 172.58, 57.25, 0.00, 109.99, 30.73, 30.65),
('2020-01-01', 6913.19, 6913.19, 7843.29, 11095.34, 17031.30, 20283.33, 20283.33, 2591.38, 2591.38, 2943.21, 4179.58, 6437.84, 7674.22, 7674.22, 8441.64, 13008.17, 0.00, 15507.21, 10910.16, 2581.54, 1073.90, 686.40, 63.71, 0.00, 0.00, 0.03, 191.47, 11.44, 0.00, 0.53, 295.24, 70.58);

-- --------------------------------------------------------

--
-- Table structure for table `onion_data`
--

CREATE TABLE `onion_data` (
  `Dates` date DEFAULT NULL,
  `A1` float(10,2) DEFAULT NULL,
  `A2` float(10,2) DEFAULT NULL,
  `B1` float(10,2) DEFAULT NULL,
  `B2` float(10,2) DEFAULT NULL,
  `C1` float(10,2) DEFAULT NULL,
  `C2` float(10,2) DEFAULT NULL,
  `C2R` float(10,2) DEFAULT NULL,
  `A1P` float(10,2) DEFAULT NULL,
  `A2P` float(10,2) DEFAULT NULL,
  `B1P` float(10,2) DEFAULT NULL,
  `B2P` float(10,2) DEFAULT NULL,
  `C1P` float(10,2) DEFAULT NULL,
  `C2P` float(10,2) DEFAULT NULL,
  `C2PR` float(10,2) DEFAULT NULL,
  `C3P` float(10,2) DEFAULT NULL,
  `VMP` float(10,2) DEFAULT NULL,
  `VBP` float(10,2) DEFAULT NULL,
  `OC` float(10,2) DEFAULT NULL,
  `HL` float(10,2) DEFAULT NULL,
  `AL` float(10,2) DEFAULT NULL,
  `ML` float(10,2) DEFAULT NULL,
  `Seed` float(10,2) DEFAULT NULL,
  `FertMan` float(10,2) DEFAULT NULL,
  `Insect` float(10,2) DEFAULT NULL,
  `IC` float(10,2) DEFAULT NULL,
  `Miscellaneous` float(10,2) DEFAULT NULL,
  `IWC` float(10,2) DEFAULT NULL,
  `SeedPK` float(10,2) DEFAULT NULL,
  `FertPK` float(10,2) DEFAULT NULL,
  `ManureQ` float(10,2) DEFAULT NULL,
  `HLhr` float(10,2) DEFAULT NULL,
  `ALhr` float(10,2) DEFAULT NULL
) ENGINE=InnoDB DEFAULT CHARSET=utf8mb4;

--
-- Dumping data for table `onion_data`
--

INSERT INTO `onion_data` (`Dates`, `A1`, `A2`, `B1`, `B2`, `C1`, `C2`, `C2R`, `A1P`, `A2P`, `B1P`, `B2P`, `C1P`, `C2P`, `C2PR`, `C3P`, `VMP`, `VBP`, `OC`, `HL`, `AL`, `ML`, `Seed`, `FertMan`, `Insect`, `IC`, `Miscellaneous`, `IWC`, `SeedPK`, `FertPK`, `ManureQ`, `HLhr`, `ALhr`) VALUES
('2005-01-01', 20171.37, 20171.37, 21890.96, 27338.75, 24839.17, 30286.97, 31739.36, 152.16, 152.16, 164.97, 210.86, 187.79, 233.67, 249.78, 274.75, 29848.13, 120.58, 22769.62, 9910.75, 2020.49, 996.63, 3858.26, 2796.01, 724.20, 1862.62, 0.00, 600.65, 0.00, 174.14, 3.19, 1497.48, 96.69),
('2006-01-01', 15380.54, 15380.54, 16501.25, 29309.29, 18812.47, 31620.51, 31741.16, 213.55, 213.55, 229.12, 406.95, 261.21, 439.04, 440.73, 484.80, 42693.45, 220.67, 17510.38, 8770.39, 1205.91, 1024.35, 2048.08, 3054.04, 1278.30, 693.08, 0.00, 460.58, 6.69, 232.93, 9.00, 1527.65, 44.26),
('2007-01-01', 17530.96, 17530.96, 18278.48, 30181.08, 20824.36, 32726.96, 33751.59, 174.08, 174.08, 181.50, 299.69, 206.78, 324.97, 335.14, 368.65, 39675.32, 203.37, 19875.14, 9549.87, 1831.26, 1074.00, 3670.86, 2979.85, 724.55, 593.62, 0.00, 525.13, 5.92, 200.68, 13.60, 1306.66, 44.71),
('2008-01-01', 16972.35, 16972.35, 17581.24, 31442.07, 21557.99, 35418.82, 35418.82, 187.85, 187.85, 194.27, 335.35, 238.31, 379.39, 379.39, 417.33, 46202.76, 234.56, 20738.64, 12236.32, 1182.44, 1293.97, 2931.37, 2403.62, 846.67, 336.31, 0.00, 507.94, 56.35, 14.23, 36.39, 10.47, 54.62),
('2009-01-01', 29657.78, 29657.78, 32178.35, 45530.54, 36220.75, 49572.93, 50258.25, 276.30, 276.30, 298.03, 404.92, 322.53, 429.42, 441.38, 485.52, 74362.86, 557.53, 33402.69, 15007.03, 1391.65, 2962.45, 4690.66, 4933.03, 593.47, 2934.68, 0.00, 889.70, 5.40, 239.43, 14.77, 1245.48, 30.59),
('2010-01-01', 26287.07, 26516.71, 28179.49, 50405.52, 31100.01, 53326.04, 53326.04, 383.03, 386.57, 410.62, 722.08, 453.23, 764.69, 764.69, 841.16, 73192.32, 625.00, 28982.79, 17685.56, 956.24, 1699.96, 2638.96, 3457.22, 701.71, 1053.37, 0.00, 789.77, 130.22, 15.40, 37.92, 13.98, 60.24),
('2011-01-01', 29980.48, 31308.01, 31406.22, 51613.61, 34797.69, 55005.08, 55005.08, 523.94, 551.82, 550.70, 881.05, 614.59, 944.94, 944.94, 1039.43, 74182.89, 697.71, 33056.40, 18520.50, 1341.42, 1942.57, 6258.66, 2865.98, 498.09, 730.24, 0.00, 898.94, 6.09, 233.64, 16.85, 1067.54, 23.71),
('2012-01-01', 55589.78, 55838.65, 58247.72, 71274.96, 67211.61, 81738.84, 81992.23, 278.64, 280.68, 289.68, 350.99, 346.19, 407.50, 409.14, 450.06, 76635.85, 978.92, 65679.07, 32840.43, 986.91, 3792.02, 14366.50, 6507.63, 1633.61, 3861.11, 17.68, 1673.19, 6.21, 190.79, 4.45, 1179.89, 20.91),
('2013-01-01', 40430.20, 40430.20, 40714.27, 69615.30, 48635.35, 77536.38, 77536.38, 323.19, 323.19, 326.18, 566.73, 389.48, 630.02, 630.02, 693.02, 96052.92, 283.87, 48232.27, 21194.77, 950.51, 4947.66, 3027.49, 13633.87, 2922.45, 333.97, 0.00, 1221.55, 3.86, 192.89, 8.89, 1156.99, 16.14),
('2014-01-01', 40991.55, 40991.55, 42525.69, 66122.59, 57707.09, 81303.98, 81303.98, 903.82, 903.82, 944.12, 1357.95, 1215.93, 1629.75, 1629.75, 1792.73, 78131.61, 524.72, 55882.19, 40274.80, 1479.48, 1430.38, 3322.05, 5604.77, 1214.26, 1323.09, 0.00, 1233.36, 3.99, 203.06, 11.11, 1218.39, 24.75),
('2015-01-01', 68808.84, 68808.84, 76760.58, 100724.76, 89037.17, 113001.35, 113976.61, 611.42, 611.42, 681.48, 870.66, 793.06, 982.24, 986.04, 1085.19, 135489.06, 984.05, 80406.18, 34356.67, 1628.19, 4717.59, 21673.99, 9019.82, 1938.53, 4969.12, 37.75, 2064.53, 4.14, 226.34, 7.00, 1300.49, 16.02),
('2016-01-01', 66621.94, 66621.94, 72657.64, 100573.08, 84917.03, 112832.47, 115405.79, 399.50, 399.50, 434.89, 668.08, 505.91, 739.11, 770.44, 847.49, 151010.20, 2279.20, 78392.72, 37046.45, 1721.47, 5824.69, 15675.25, 8727.00, 1969.23, 5411.88, 12.72, 2004.03, 2.55, 201.16, 5.35, 1312.39, 15.46),
('2017-01-01', 65435.60, 65435.60, 71290.83, 87516.97, 85264.21, 101490.33, 104022.54, 520.49, 520.49, 595.32, 701.89, 719.78, 826.35, 876.12, 963.74, 92343.01, 1524.08, 79050.32, 39199.96, 1259.21, 6519.37, 15252.65, 7763.79, 2805.85, 4277.47, 0.00, 1972.02, 306.05, 34.58, 132.25, 32.35, 112.06),
('2018-01-01', 77802.71, 80045.46, 79791.23, 113927.63, 86897.82, 121034.22, 121034.22, 390.79, 400.07, 408.25, 556.84, 462.90, 611.50, 611.50, 672.65, 188839.30, 2484.36, 84689.06, 39512.34, 867.16, 3316.76, 29200.19, 4529.81, 1912.09, 2863.30, 0.00, 2350.97, 23.06, 251.10, 16.85, 1195.80, 17.83),
('2019-01-01', 77038.62, 77038.62, 78100.45, 102908.14, 88933.68, 113741.37, 115806.07, 279.49, 279.49, 283.34, 373.34, 322.64, 412.64, 420.13, 462.14, 82692.31, 1497.56, 87672.13, 58896.42, 2625.64, 4710.02, 11217.95, 4597.07, 2081.04, 1157.85, 57.70, 2328.44, 6.73, 191.21, 22.58, 1136.24, 9.73),
('2020-01-01', 100494.89, 100494.89, 101149.52, 150097.52, 114535.70, 163483.72, 164741.06, 476.28, 476.28, 479.38, 711.36, 542.82, 774.80, 780.76, 858.84, 163160.00, 2879.39, 113688.63, 80146.18, 3906.63, 5569.78, 10750.00, 5395.00, 2665.00, 1999.10, 217.50, 3039.44, 7.16, 202.81, 18.70, 1160.12, 8.88);

-- --------------------------------------------------------

--
-- Table structure for table `paddy_data`
--

CREATE TABLE `paddy_data` (
  `Dates` date DEFAULT NULL,
  `A1` float(10,2) DEFAULT NULL,
  `A2` float(10,2) DEFAULT NULL,
  `B1` float(10,2) DEFAULT NULL,
  `B2` float(10,2) DEFAULT NULL,
  `C1` float(10,2) DEFAULT NULL,
  `C2` float(10,2) DEFAULT NULL,
  `C2R` float(10,2) DEFAULT NULL,
  `A1P` float(10,2) DEFAULT NULL,
  `A2P` float(10,2) DEFAULT NULL,
  `B1P` float(10,2) DEFAULT NULL,
  `B2P` float(10,2) DEFAULT NULL,
  `C1P` float(10,2) DEFAULT NULL,
  `C2P` float(10,2) DEFAULT NULL,
  `C2PR` float(10,2) DEFAULT NULL,
  `C3P` float(10,2) DEFAULT NULL,
  `VMP` float(10,2) DEFAULT NULL,
  `VBP` float(10,2) DEFAULT NULL,
  `OC` float(10,2) DEFAULT NULL,
  `HL` float(10,2) DEFAULT NULL,
  `AL` float(10,2) DEFAULT NULL,
  `ML` float(10,2) DEFAULT NULL,
  `Seed` float(10,2) DEFAULT NULL,
  `FertMan` float(10,2) DEFAULT NULL,
  `Insect` float(10,2) DEFAULT NULL,
  `IC` float(10,2) DEFAULT NULL,
  `Miscellaneous` float(10,2) DEFAULT NULL,
  `IWC` float(10,2) DEFAULT NULL,
  `SeedPK` float(10,2) DEFAULT NULL,
  `FertPK` float(10,2) DEFAULT NULL,
  `ManureQ` float(10,2) DEFAULT NULL,
  `HLhr` float(10,2) DEFAULT NULL,
  `ALhr` float(10,2) DEFAULT NULL
) ENGINE=InnoDB DEFAULT CHARSET=utf8mb4;

--
-- Dumping data for table `paddy_data`
--

INSERT INTO `paddy_data` (`Dates`, `A1`, `A2`, `B1`, `B2`, `C1`, `C2`, `C2R`, `A1P`, `A2P`, `B1P`, `B2P`, `C1P`, `C2P`, `C2PR`, `C3P`, `VMP`, `VBP`, `OC`, `HL`, `AL`, `ML`, `Seed`, `FertMan`, `Insect`, `IC`, `Miscellaneous`, `IWC`, `SeedPK`, `FertPK`, `ManureQ`, `HLhr`, `ALhr`) VALUES
('2005-01-01', 9478.56, 9590.93, 10278.11, 14684.31, 13787.42, 18193.62, 18239.68, 256.87, 260.01, 278.57, 397.94, 374.33, 493.69, 494.97, 544.47, 14657.91, 2804.78, 12619.74, 7093.98, 2070.56, 598.06, 590.40, 1779.79, 104.73, 106.15, 0.00, 276.07, 90.20, 88.59, 24.43, 1088.43, 167.23),
('2006-01-01', 9800.89, 9865.80, 11097.81, 15394.33, 14484.68, 18781.20, 18859.50, 273.17, 275.06, 310.40, 430.28, 409.02, 528.90, 531.08, 584.19, 14556.09, 2539.47, 12741.72, 7148.26, 2137.41, 525.89, 616.19, 1823.42, 94.96, 112.11, 0.00, 283.48, 91.86, 83.88, 25.41, 1044.30, 177.67),
('2007-01-01', 10501.44, 10572.90, 11678.76, 17798.80, 15593.33, 21713.38, 22972.62, 288.20, 290.22, 321.06, 489.66, 431.09, 599.68, 634.43, 697.87, 21599.55, 2819.71, 13168.79, 7465.75, 2114.17, 560.07, 632.66, 1867.83, 139.27, 98.01, 0.00, 291.03, 6.90, 13.69, 27.80, 7.06, 11.90),
('2008-01-01', 10501.44, 10572.90, 11678.76, 17798.80, 15593.33, 21713.38, 22972.62, 288.20, 290.22, 321.06, 489.66, 431.09, 599.68, 634.43, 697.87, 21599.55, 2819.71, 13983.04, 7895.62, 2342.40, 581.46, 670.51, 1956.62, 132.19, 99.13, 0.00, 305.11, 92.32, 85.46, 26.09, 1046.27, 188.87),
('2009-01-01', 4317.56, 4317.56, 5279.13, 8476.24, 7501.17, 10698.29, 10914.54, 903.26, 903.26, 1101.63, 1727.23, 1522.07, 2147.67, 2189.07, 2407.98, 12181.73, 606.73, 6071.77, 3666.48, 1620.01, 0.00, 667.24, 1.39, 0.00, 0.00, 0.00, 116.65, 87.95, 100.05, 23.20, 1059.53, 182.76),
('2010-01-01', 14087.86, 14201.33, 15439.11, 23169.45, 20413.53, 28143.88, 28954.51, 397.82, 401.16, 435.16, 653.48, 575.33, 793.65, 816.63, 898.29, 27427.51, 3327.18, 18479.84, 11132.26, 2862.19, 811.84, 840.95, 2187.64, 129.68, 106.02, 0.00, 409.26, 9.37, 13.87, 36.34, 10.49, 15.20),
('2011-01-01', 15800.21, 15896.55, 16992.86, 24319.97, 22991.29, 30318.40, 30727.59, 498.50, 501.55, 534.31, 767.59, 722.32, 955.59, 968.47, 1065.32, 26023.86, 3148.09, 21299.84, 13602.35, 2980.08, 849.56, 889.69, 2312.93, 100.83, 100.72, 0.00, 463.68, 89.75, 90.82, 23.76, 1041.75, 188.95),
('2012-01-01', 17902.11, 18088.72, 19619.14, 26818.06, 28773.57, 35972.50, 36098.16, 606.89, 613.01, 666.38, 912.05, 975.77, 1221.44, 1225.70, 1348.28, 25323.46, 3261.52, 26417.44, 16594.36, 3921.75, 1176.32, 1041.64, 2924.90, 59.74, 169.13, 6.48, 523.12, 96.85, 82.79, 22.42, 1007.23, 181.93),
('2013-01-01', 20502.01, 20653.29, 22467.71, 32591.69, 33537.67, 43661.65, 44091.78, 539.42, 543.21, 590.90, 861.07, 877.93, 1148.11, 1159.54, 1275.49, 35769.93, 4517.90, 30865.05, 19909.19, 3802.76, 1440.71, 1063.50, 3913.91, 50.32, 79.81, 5.00, 599.85, 90.79, 80.16, 22.55, 1021.05, 188.34),
('2014-01-01', 22415.17, 22601.52, 24332.35, 33569.19, 37300.68, 46537.52, 46839.15, 667.35, 672.44, 724.75, 1015.83, 1108.02, 1399.10, 1408.40, 1549.24, 32079.57, 4617.50, 34729.93, 22818.21, 4343.11, 1680.32, 1108.18, 3998.41, 54.37, 67.89, 0.00, 659.44, 89.13, 78.59, 21.13, 977.17, 179.41),
('2015-01-01', 26121.71, 26260.20, 28214.10, 40022.25, 45105.84, 56913.99, 56940.14, 645.67, 649.02, 697.21, 990.56, 1112.11, 1405.45, 1406.05, 1546.65, 42665.23, 4487.61, 42301.82, 28345.98, 3208.14, 3667.84, 1144.50, 4767.66, 268.86, 128.84, 0.00, 770.00, 79.48, 102.99, 16.00, 1046.17, 115.71),
('2016-01-01', 26918.71, 27074.65, 28828.70, 39808.13, 46464.25, 57443.68, 57443.68, 675.84, 679.73, 723.31, 999.16, 1174.47, 1450.32, 1450.32, 1595.35, 39049.22, 4772.57, 43863.39, 29247.27, 3156.34, 4478.49, 1195.62, 4402.87, 298.80, 164.45, 124.77, 794.78, 78.99, 92.59, 14.21, 1006.98, 112.78),
('2017-01-01', 28899.30, 29062.88, 30898.00, 43124.63, 49279.08, 61505.71, 61505.71, 668.35, 672.15, 714.91, 997.58, 1144.20, 1426.87, 1426.87, 1569.56, 43687.84, 5148.44, 46558.84, 30927.65, 3308.37, 5270.88, 1219.39, 4398.82, 365.41, 162.20, 52.26, 853.86, 78.94, 97.66, 14.64, 988.56, 100.33),
('2018-01-01', 28795.64, 28964.90, 30080.87, 43769.76, 46414.75, 60103.66, 60103.66, 665.90, 670.16, 695.53, 1012.29, 1077.26, 1394.01, 1394.01, 1533.41, 50285.95, 3792.60, 44647.25, 27198.31, 3472.35, 5982.73, 1290.96, 5001.18, 572.80, 192.35, 57.71, 857.97, 64.79, 111.20, 14.58, 845.15, 84.93),
('2019-01-01', 31195.65, 31562.70, 32470.70, 48124.79, 48231.82, 63885.91, 64573.60, 712.12, 720.96, 741.20, 1096.34, 1104.29, 1459.43, 1475.14, 1622.65, 58052.38, 4255.82, 46288.07, 28506.33, 2735.60, 6334.58, 1345.61, 5564.43, 619.11, 180.92, 63.36, 925.04, 59.20, 129.37, 14.56, 852.38, 88.43),
('2020-01-01', 33573.72, 34039.45, 34841.74, 50834.08, 51494.54, 67486.87, 68061.92, 745.09, 755.38, 773.27, 1128.38, 1150.10, 1505.22, 1517.96, 1669.76, 59182.37, 4124.65, 49555.37, 29913.95, 2854.93, 6900.26, 1478.27, 6337.02, 827.99, 166.05, 65.06, 997.03, 58.99, 125.68, 14.59, 837.84, 87.07);

-- --------------------------------------------------------

--
-- Table structure for table `potato_data`
--

CREATE TABLE `potato_data` (
  `Dates` date DEFAULT NULL,
  `A1` float(10,2) DEFAULT NULL,
  `A2` float(10,2) DEFAULT NULL,
  `B1` float(10,2) DEFAULT NULL,
  `B2` float(10,2) DEFAULT NULL,
  `C1` float(10,2) DEFAULT NULL,
  `C2` float(10,2) DEFAULT NULL,
  `C2R` float(10,2) DEFAULT NULL,
  `A1P` float(10,2) DEFAULT NULL,
  `A2P` float(10,2) DEFAULT NULL,
  `B1P` float(10,2) DEFAULT NULL,
  `B2P` float(10,2) DEFAULT NULL,
  `C1P` float(10,2) DEFAULT NULL,
  `C2P` float(10,2) DEFAULT NULL,
  `C2PR` float(10,2) DEFAULT NULL,
  `C3P` float(10,2) DEFAULT NULL,
  `VMP` float(10,2) DEFAULT NULL,
  `VBP` float(10,2) DEFAULT NULL,
  `OC` float(10,2) DEFAULT NULL,
  `HL` float(10,2) DEFAULT NULL,
  `AL` float(10,2) DEFAULT NULL,
  `ML` float(10,2) DEFAULT NULL,
  `Seed` float(10,2) DEFAULT NULL,
  `FertMan` float(10,2) DEFAULT NULL,
  `Insect` float(10,2) DEFAULT NULL,
  `IC` float(10,2) DEFAULT NULL,
  `Miscellaneous` float(10,2) DEFAULT NULL,
  `IWC` float(10,2) DEFAULT NULL,
  `SeedPK` float(10,2) DEFAULT NULL,
  `FertPK` float(10,2) DEFAULT NULL,
  `ManureQ` float(10,2) DEFAULT NULL,
  `HLhr` float(10,2) DEFAULT NULL,
  `ALhr` float(10,2) DEFAULT NULL
) ENGINE=InnoDB DEFAULT CHARSET=utf8mb4;

--
-- Dumping data for table `potato_data`
--

INSERT INTO `potato_data` (`Dates`, `A1`, `A2`, `B1`, `B2`, `C1`, `C2`, `C2R`, `A1P`, `A2P`, `B1P`, `B2P`, `C1P`, `C2P`, `C2PR`, `C3P`, `VMP`, `VBP`, `OC`, `HL`, `AL`, `ML`, `Seed`, `FertMan`, `Insect`, `IC`, `Miscellaneous`, `IWC`, `SeedPK`, `FertPK`, `ManureQ`, `HLhr`, `ALhr`) VALUES
('2005-01-01', 29157.71, 29360.98, 29809.63, 40397.89, 34165.88, 44754.12, 44762.76, 148.13, 149.06, 151.65, 206.41, 173.73, 228.50, 228.56, 251.41, 52883.62, 0.00, 33318.48, 9840.20, 1957.45, 1045.75, 11449.49, 5553.09, 407.43, 2185.20, 2.23, 877.64, 2023.96, 237.57, 43.48, 1165.75, 92.03),
('2006-01-01', 35833.97, 36032.75, 36579.01, 51556.77, 41049.78, 56027.55, 56105.32, 181.57, 182.44, 185.69, 258.21, 208.63, 281.15, 281.57, 309.73, 72670.86, 0.00, 40035.49, 10650.94, 898.22, 1853.27, 14409.22, 7992.19, 651.52, 2483.61, 18.80, 1077.72, 6.60, 14.50, 26.28, 8.83, 19.53),
('2007-01-01', 42181.97, 42238.06, 42892.81, 55352.17, 46953.73, 59413.10, 59700.16, 256.75, 257.18, 260.92, 334.06, 286.28, 359.43, 361.02, 397.12, 68217.85, 0.00, 45981.54, 11278.90, 1556.56, 1517.49, 18496.58, 8289.43, 1086.93, 2451.11, 34.22, 1270.32, 2311.49, 269.80, 48.54, 996.07, 73.27),
('2008-01-01', 45737.32, 45822.59, 46624.88, 58554.86, 50567.90, 62497.89, 63012.34, 233.10, 233.10, 238.18, 298.62, 257.56, 318.00, 321.17, 353.28, 60572.82, 0.00, 49398.51, 11234.65, 1557.29, 1624.79, 21299.62, 9049.39, 853.21, 2215.39, 186.75, 1377.43, 2340.25, 281.96, 65.95, 919.86, 55.00),
('2009-01-01', 39319.85, 40686.57, 39942.62, 53791.25, 45959.04, 59807.65, 59970.23, 241.49, 245.48, 245.81, 340.61, 292.07, 386.88, 387.94, 426.73, 78098.67, 0.00, 45031.13, 13113.28, 871.83, 2060.11, 16568.13, 7018.84, 1238.56, 2950.90, 27.20, 1182.26, 2107.43, 277.36, 63.68, 972.19, 45.14),
('2010-01-01', 48334.02, 52390.37, 49054.60, 63007.87, 55298.82, 69252.09, 70424.22, 207.36, 222.00, 211.19, 266.88, 240.42, 296.12, 302.29, 332.52, 71119.96, 0.00, 54239.21, 14030.64, 899.44, 2290.42, 24690.60, 6787.78, 629.72, 3435.93, 20.29, 1454.39, 13.57, 14.21, 35.58, 12.54, 28.68),
('2011-01-01', 49693.90, 53949.41, 50387.24, 69476.21, 56868.71, 75957.69, 77269.79, 213.05, 226.75, 216.79, 290.74, 248.26, 322.20, 328.27, 361.10, 98530.36, 0.00, 55806.03, 17193.67, 1262.99, 2699.06, 20629.99, 8187.45, 1028.74, 3308.29, 1.14, 1494.68, 2091.78, 315.49, 75.08, 1016.06, 44.80),
('2012-01-01', 51112.21, 52552.46, 52272.31, 70604.20, 62475.10, 80807.00, 80807.00, 240.04, 244.97, 245.18, 322.56, 294.58, 371.96, 371.96, 409.16, 106829.53, 0.00, 60771.82, 20414.81, 1339.71, 3231.93, 17383.40, 11101.03, 1330.48, 4433.70, 4.37, 1532.39, 2003.99, 283.30, 37.12, 889.17, 43.65),
('2013-01-01', 63435.55, 64990.96, 65202.91, 83011.88, 74088.52, 91897.51, 92415.54, 307.46, 313.61, 320.74, 396.22, 361.93, 437.41, 439.22, 483.14, 98394.91, 0.00, 71965.76, 21269.72, 1354.25, 3145.41, 23872.15, 14627.70, 1225.36, 4157.69, 401.95, 1911.52, 1847.94, 303.90, 40.79, 892.90, 45.65),
('2014-01-01', 66270.53, 66607.55, 68193.27, 87986.13, 76698.28, 96490.93, 97563.67, 434.84, 436.55, 457.30, 571.50, 512.50, 626.69, 633.46, 696.81, 109059.86, 0.00, 74406.52, 24210.30, 1432.29, 2846.29, 23385.30, 13809.91, 2126.64, 4397.61, 201.15, 1997.02, 15.29, 30.31, 48.65, 24.06, 32.42),
('2015-01-01', 80036.18, 81191.43, 82532.23, 102445.59, 93361.15, 113274.51, 113374.42, 357.05, 361.52, 368.97, 458.71, 417.33, 507.08, 507.48, 558.23, 89978.73, 0.00, 90471.02, 25551.70, 1076.39, 4011.78, 36826.26, 14732.32, 2089.90, 3748.81, 20.46, 2413.39, 25.20, 34.21, 101.75, 29.58, 49.32),
('2016-01-01', 74136.25, 75159.95, 77266.30, 108530.52, 90065.70, 121329.95, 121329.95, 331.69, 335.52, 346.15, 481.53, 403.82, 539.20, 539.20, 593.12, 162781.95, 0.00, 86493.18, 29424.18, 753.99, 3941.64, 32130.24, 12971.39, 1316.01, 3674.68, 47.92, 2233.14, 1814.50, 241.04, 31.83, 847.05, 43.02),
('2017-01-01', 63548.18, 64892.89, 66599.68, 88023.78, 81996.52, 103420.58, 104905.34, 267.08, 271.81, 281.80, 374.49, 342.87, 435.57, 443.50, 487.85, 104419.95, 0.00, 78556.17, 30021.92, 641.44, 4148.11, 21898.18, 14608.78, 1879.47, 3444.36, 0.00, 1913.91, 1816.02, 277.87, 37.15, 853.21, 43.57),
('2018-01-01', 69855.60, 69876.32, 71111.79, 110088.76, 91303.85, 130280.83, 130280.83, 314.69, 314.75, 320.70, 487.13, 405.29, 597.66, 597.66, 628.90, 158772.02, 0.00, 89243.23, 36376.31, 723.29, 5553.67, 19964.94, 17295.40, 2655.80, 3554.57, 212.51, 2092.44, 11.21, 30.70, 180.56, 36.43, 68.75),
('2019-01-01', 73219.88, 73232.33, 74057.18, 98017.91, 94374.76, 118335.49, 119291.61, 434.03, 434.11, 439.47, 583.60, 552.83, 0.00, 734.50, 775.13, 94009.52, 22.79, 92924.77, 35445.62, 368.74, 6387.75, 22170.97, 19433.00, 2401.17, 4134.84, 382.48, 2200.20, 2211.95, 428.14, 32.05, 741.84, 11.86),
('2020-01-01', 82970.71, 82970.71, 83698.21, 131916.00, 103589.41, 151807.20, 153944.19, 397.12, 397.12, 400.83, 619.14, 485.07, 703.38, 717.89, 789.68, 204352.05, 0.00, 102257.01, 34887.84, 592.37, 6853.40, 31421.04, 19806.81, 2530.82, 3409.36, 259.46, 2495.92, 2186.66, 381.12, 18.57, 695.87, 13.84);

-- --------------------------------------------------------

--
-- Table structure for table `sesamum_data`
--

CREATE TABLE `sesamum_data` (
  `Dates` date DEFAULT NULL,
  `A1` float(10,2) DEFAULT NULL,
  `A2` float(10,2) DEFAULT NULL,
  `B1` float(10,2) DEFAULT NULL,
  `B2` float(10,2) DEFAULT NULL,
  `C1` float(10,2) DEFAULT NULL,
  `C2` float(10,2) DEFAULT NULL,
  `C2R` float(10,2) DEFAULT NULL,
  `A1P` float(10,2) DEFAULT NULL,
  `A2P` float(10,2) DEFAULT NULL,
  `B1P` float(10,2) DEFAULT NULL,
  `B2P` float(10,2) DEFAULT NULL,
  `C1P` float(10,2) DEFAULT NULL,
  `C2P` float(10,2) DEFAULT NULL,
  `C2PR` float(10,2) DEFAULT NULL,
  `C3P` float(10,2) DEFAULT NULL,
  `VMP` float(10,2) DEFAULT NULL,
  `VBP` float(10,2) DEFAULT NULL,
  `OC` float(10,2) DEFAULT NULL,
  `HL` float(10,2) DEFAULT NULL,
  `AL` float(10,2) DEFAULT NULL,
  `ML` float(10,2) DEFAULT NULL,
  `Seed` float(10,2) DEFAULT NULL,
  `FertMan` float(10,2) DEFAULT NULL,
  `Insect` float(10,2) DEFAULT NULL,
  `IC` float(10,2) DEFAULT NULL,
  `Miscellaneous` float(10,2) DEFAULT NULL,
  `IWC` float(10,2) DEFAULT NULL,
  `SeedPK` float(10,2) DEFAULT NULL,
  `FertPK` float(10,2) DEFAULT NULL,
  `ManureQ` float(10,2) DEFAULT NULL,
  `HLhr` float(10,2) DEFAULT NULL,
  `ALhr` float(10,2) DEFAULT NULL
) ENGINE=InnoDB DEFAULT CHARSET=utf8mb4;

--
-- Dumping data for table `sesamum_data`
--

INSERT INTO `sesamum_data` (`Dates`, `A1`, `A2`, `B1`, `B2`, `C1`, `C2`, `C2R`, `A1P`, `A2P`, `B1P`, `B2P`, `C1P`, `C2P`, `C2PR`, `C3P`, `VMP`, `VBP`, `OC`, `HL`, `AL`, `ML`, `Seed`, `FertMan`, `Insect`, `IC`, `Miscellaneous`, `IWC`, `SeedPK`, `FertPK`, `ManureQ`, `HLhr`, `ALhr`) VALUES
('2005-01-01', 3176.09, 3176.09, 4069.15, 5379.88, 5376.43, 6687.16, 7025.09, 1278.45, 1278.45, 1793.25, 2324.98, 2273.66, 2805.39, 2943.15, 3237.47, 5005.11, 237.81, 4292.00, 2352.46, 1365.70, 198.22, 285.16, 0.00, 0.00, 0.00, 90.46, 90.46, 11.14, 0.00, 0.00, 410.12, 123.00),
('2006-01-01', 2552.88, 2552.88, 3119.63, 5176.85, 5628.85, 7686.07, 7778.00, 727.10, 727.10, 884.53, 884.53, 884.53, 884.53, 884.53, 884.53, 7890.43, 338.46, 4759.60, 3013.56, 1400.21, 0.00, 277.64, 0.00, 0.00, 0.00, 0.00, 68.19, 10.63, 0.00, 0.00, 451.38, 161.04),
('2007-01-01', 2731.39, 2731.39, 3369.51, 5510.42, 6810.91, 8951.82, 8951.82, 752.07, 752.07, 922.52, 1498.25, 1813.89, 2389.62, 2389.62, 2628.58, 8028.03, 535.61, 5853.23, 3757.94, 1747.51, 0.00, 274.68, 0.00, 0.00, 0.00, 0.00, 73.10, 10.04, 0.00, 0.00, 528.46, 159.00),
('2008-01-01', 2932.01, 2932.01, 3487.71, 5473.45, 7382.64, 9368.37, 9792.12, 882.37, 882.37, 1046.64, 1622.09, 2254.60, 2830.05, 2957.35, 3253.09, 7580.67, 362.28, 6513.23, 4246.04, 1852.72, 55.52, 279.61, 0.00, 0.00, 0.00, 0.00, 79.33, 10.35, 0.00, 0.00, 533.69, 155.25),
('2009-01-01', 4073.66, 4073.66, 5067.54, 7584.82, 7969.33, 10486.61, 10664.60, 1112.52, 1112.52, 1390.65, 2033.78, 2224.01, 2867.14, 2913.80, 3205.18, 9594.94, 474.19, 6565.76, 4335.93, 1531.61, 201.92, 299.67, 85.59, 0.00, 0.00, 0.00, 111.04, 10.24, 7.00, 0.00, 467.28, 125.19),
('2010-01-01', 4578.49, 4578.49, 5437.87, 8939.67, 8257.48, 11759.28, 12364.08, 1376.26, 1376.26, 1631.56, 2690.56, 2466.14, 3525.14, 3702.29, 4072.52, 13618.57, 388.61, 7049.08, 4353.64, 1771.37, 216.52, 403.51, 148.92, 0.00, 26.95, 0.00, 128.17, 10.04, 12.64, 0.00, 440.75, 140.85),
('2011-01-01', 5305.85, 5305.85, 6146.93, 9129.05, 10292.52, 13274.65, 13725.93, 1677.62, 1677.62, 1940.88, 2875.71, 3249.46, 4184.29, 4323.82, 4756.21, 11623.34, 305.14, 9109.12, 5968.29, 2124.71, 179.09, 519.79, 166.83, 0.00, 0.00, 0.00, 150.41, 10.75, 11.55, 0.00, 488.18, 132.55),
('2012-01-01', 5058.99, 5202.55, 5931.34, 8995.69, 9448.39, 12512.74, 12512.74, 1792.17, 1841.20, 2114.30, 3173.94, 3419.99, 4479.63, 4479.63, 4927.92, 11788.22, 323.57, 8266.10, 5716.79, 5716.79, 444.27, 551.99, 12.07, 0.00, 0.00, 0.00, 143.91, 11.33, 0.55, 0.00, 398.54, 111.50),
('2013-01-01', 5326.13, 5588.70, 6069.03, 9314.30, 9614.67, 12859.94, 12859.94, 2177.02, 2292.42, 2464.44, 3732.12, 3783.44, 5051.12, 5051.12, 5556.23, 12393.76, 321.41, 8612.69, 5816.71, 1784.13, 253.87, 575.39, 29.04, 0.00, 0.00, 0.00, 153.55, 10.36, 1.04, 0.00, 324.42, 98.86),
('2014-01-01', 6284.87, 6284.87, 7558.08, 12257.90, 11186.26, 15886.08, 16417.35, 2248.58, 2248.58, 2672.91, 4236.79, 4026.17, 5590.06, 5781.15, 6359.26, 18444.75, 354.55, 9643.02, 6682.99, 1511.08, 438.86, 713.06, 23.14, 0.00, 91.62, 0.00, 182.27, 10.19, 1.52, 0.00, 322.93, 69.59),
('2015-01-01', 7415.84, 7415.84, 8747.28, 15549.72, 17891.85, 24694.29, 24694.29, 1701.63, 1701.63, 2004.66, 3596.17, 4110.09, 5701.60, 5701.60, 6271.76, 26929.98, 279.78, 16221.96, 11711.60, 959.87, 1747.71, 789.92, 213.38, 0.00, 585.02, 0.00, 214.46, 11.26, 6.69, 0.00, 467.54, 36.61),
('2016-01-01', 10568.99, 10705.54, 12006.35, 19328.72, 19925.39, 27247.75, 27247.75, 2026.01, 2073.69, 2344.20, 3717.95, 3909.50, 5283.25, 5283.25, 5811.58, 29555.41, 369.53, 18146.48, 12220.62, 1859.80, 1521.85, 779.68, 0.00, 0.00, 1233.99, 0.00, 309.92, 10.21, 7.73, 0.00, 491.15, 58.80),
('2017-01-01', 12060.06, 12448.79, 13391.75, 20899.15, 18719.67, 26227.06, 27436.39, 2112.94, 2233.54, 2370.54, 3635.14, 3305.20, 4569.80, 4777.49, 5255.24, 29662.26, 425.38, 17052.40, 10611.09, 1505.68, 3200.32, 761.14, 31.34, 0.00, 587.55, 0.00, 355.28, 10.94, 1.80, 0.00, 409.72, 43.37),
('2018-01-01', 4079.43, 4079.43, 4663.85, 7597.74, 10402.82, 13336.71, 13336.71, 1481.85, 1481.85, 1668.34, 2687.64, 3699.48, 4718.79, 4718.79, 5190.67, 11735.57, 0.00, 9495.50, 6896.06, 267.09, 1688.31, 530.21, 0.00, 0.00, 587.55, 0.00, 113.83, 10.01, 0.00, 0.00, 253.63, 10.99),
('2019-01-01', 5220.18, 5399.57, 5978.77, 9622.24, 12731.68, 16375.15, 16375.15, 2127.96, 2215.82, 2425.82, 3751.11, 4939.59, 6264.87, 6264.87, 6891.36, 14398.83, 1.14, 11534.70, 8363.41, 1063.04, 1271.76, 591.86, 21.83, 0.00, 77.26, 0.65, 144.89, 10.41, 0.62, 0.00, 288.83, 44.24),
('2020-01-01', 4687.09, 4829.16, 5758.05, 9917.85, 13960.58, 18120.38, 18120.38, 1501.20, 1543.01, 1830.53, 3139.01, 4450.85, 5759.34, 5759.34, 6335.27, 16070.91, 0.00, 12421.80, 9207.98, 978.59, 1279.92, 758.28, 0.00, 0.00, 68.51, 0.67, 127.85, 10.15, 0.00, 0.00, 295.06, 36.42);

-- --------------------------------------------------------

--
-- Table structure for table `sunflower_data`
--

CREATE TABLE `sunflower_data` (
  `Dates` date DEFAULT NULL,
  `A1` float(10,2) DEFAULT NULL,
  `A2` float(10,2) DEFAULT NULL,
  `B1` float(10,2) DEFAULT NULL,
  `B2` float(10,2) DEFAULT NULL,
  `C1` float(10,2) DEFAULT NULL,
  `C2` float(10,2) DEFAULT NULL,
  `C2R` float(10,2) DEFAULT NULL,
  `A1P` float(10,2) DEFAULT NULL,
  `A2P` float(10,2) DEFAULT NULL,
  `B1P` float(10,2) DEFAULT NULL,
  `B2P` float(10,2) DEFAULT NULL,
  `C1P` float(10,2) DEFAULT NULL,
  `C2P` float(10,2) DEFAULT NULL,
  `C2PR` float(10,2) DEFAULT NULL,
  `C3P` float(10,2) DEFAULT NULL,
  `VMP` float(10,2) DEFAULT NULL,
  `VBP` float(10,2) DEFAULT NULL,
  `OC` float(10,2) DEFAULT NULL,
  `HL` float(10,2) DEFAULT NULL,
  `AL` float(10,2) DEFAULT NULL,
  `ML` float(10,2) DEFAULT NULL,
  `Seed` float(10,2) DEFAULT NULL,
  `FertMan` float(10,2) DEFAULT NULL,
  `Insect` float(10,2) DEFAULT NULL,
  `IC` float(10,2) DEFAULT NULL,
  `Miscellaneous` float(10,2) DEFAULT NULL,
  `IWC` float(10,2) DEFAULT NULL,
  `SeedPK` float(10,2) DEFAULT NULL,
  `FertPK` float(10,2) DEFAULT NULL,
  `ManureQ` float(10,2) DEFAULT NULL,
  `HLhr` float(10,2) DEFAULT NULL,
  `ALhr` float(10,2) DEFAULT NULL
) ENGINE=InnoDB DEFAULT CHARSET=utf8mb4;

--
-- Dumping data for table `sunflower_data`
--

INSERT INTO `sunflower_data` (`Dates`, `A1`, `A2`, `B1`, `B2`, `C1`, `C2`, `C2R`, `A1P`, `A2P`, `B1P`, `B2P`, `C1P`, `C2P`, `C2PR`, `C3P`, `VMP`, `VBP`, `OC`, `HL`, `AL`, `ML`, `Seed`, `FertMan`, `Insect`, `IC`, `Miscellaneous`, `IWC`, `SeedPK`, `FertPK`, `ManureQ`, `HLhr`, `ALhr`) VALUES
('2005-01-01', 6985.72, 7542.22, 7542.22, 9830.58, 8649.37, 10937.73, 11150.64, 1093.83, 1098.51, 1174.14, 1522.69, 1341.84, 1690.39, 1736.77, 1910.45, 10056.69, 90.69, 7924.32, 2412.34, 1775.77, 580.34, 1240.07, 1028.70, 29.05, 651.48, 0.00, 206.58, 6.62, 66.93, 1.44, 345.42, 65.53),
('2006-01-01', 6436.38, 6436.38, 7049.28, 9234.00, 7990.47, 10175.19, 10303.89, 1024.82, 1024.82, 1117.54, 1447.61, 1262.02, 1592.08, 1618.44, 1780.29, 9463.54, 62.49, 7191.36, 2400.61, 1368.91, 580.03, 1121.63, 1228.33, 85.50, 216.95, 0.00, 189.40, 6.45, 75.02, 4.74, 372.38, 66.25),
('2007-01-01', 6524.95, 6524.95, 7144.77, 9856.13, 8111.19, 10822.54, 11016.26, 1086.13, 1086.13, 1188.68, 1623.32, 1355.15, 1789.80, 1829.53, 2012.48, 11893.09, 108.96, 7318.62, 2259.22, 1443.90, 687.17, 1285.38, 1060.54, 120.78, 268.96, 0.18, 192.49, 6.28, 62.56, 2.67, 328.03, 54.27),
('2008-01-01', 7467.28, 7576.53, 7899.60, 11181.97, 9175.47, 12457.84, 12613.79, 1199.58, 1217.61, 1269.65, 1794.03, 1474.10, 1998.48, 2021.89, 2224.08, 14455.31, 130.26, 8557.73, 3350.66, 1731.82, 639.72, 1157.74, 1062.16, 133.23, 261.74, 0.00, 220.66, 6.78, 62.07, 3.67, 394.28, 63.57),
('2009-01-01', 9756.50, 10634.14, 10935.64, 14345.05, 12606.43, 16015.85, 16029.94, 1531.66, 1649.67, 1706.95, 2222.23, 1970.46, 2485.73, 2488.20, 2737.02, 14040.65, 186.93, 11114.52, 4199.75, 2366.59, 1105.30, 1454.04, 1319.92, 206.12, 176.50, 0.13, 286.17, 6.62, 74.63, 4.40, 359.47, 64.66),
('2010-01-01', 10538.70, 10665.77, 11883.31, 15577.88, 13802.88, 17497.46, 17765.56, 1489.71, 1503.74, 1677.97, 2153.68, 1936.37, 2412.07, 2486.41, 2735.06, 15605.95, 276.02, 12176.49, 5074.09, 2066.13, 1273.25, 1423.48, 1335.83, 289.68, 403.21, 0.00, 310.82, 6.68, 76.39, 5.45, 373.55, 49.75),
('2011-01-01', 12750.97, 12750.97, 13467.77, 17882.89, 15514.09, 19929.21, 20247.82, 1686.85, 1686.85, 1773.65, 2346.73, 2053.18, 2626.25, 2668.87, 2935.76, 19234.60, 187.85, 14540.03, 6086.20, 3252.46, 1115.06, 1701.91, 1602.68, 247.10, 153.72, 2.30, 378.60, 6.71, 77.95, 1.66, 395.82, 74.43),
('2012-01-01', 15005.80, 15368.41, 16228.26, 22942.31, 19316.47, 26030.52, 26114.83, 1797.54, 1832.10, 1931.45, 2595.77, 2305.42, 2969.74, 2985.22, 3283.74, 29888.83, 520.35, 17859.50, 8557.75, 3149.08, 1932.32, 1606.76, 1785.68, 238.05, 142.24, 0.00, 447.62, 259.11, 20.17, 50.00, 20.10, 49.87),
('2013-01-01', 18492.81, 18492.81, 19591.43, 26775.05, 23319.11, 30502.73, 30683.37, 2076.34, 2076.34, 2192.59, 2975.88, 2944.78, 3394.73, 3414.47, 3755.91, 32117.93, 416.12, 22042.81, 9389.81, 2610.56, 2828.59, 2101.08, 2978.23, 734.12, 833.69, 11.71, 555.01, 5.39, 85.60, 7.26, 394.66, 43.20),
('2014-01-01', 14584.63, 14584.63, 15678.59, 20155.66, 20639.89, 25116.96, 25210.43, 2792.72, 2792.72, 3003.52, 3765.17, 3753.85, 4515.50, 4528.78, 4981.66, 17938.91, 133.75, 19336.73, 9162.98, 2437.12, 1995.52, 1814.05, 2948.75, 148.38, 394.31, 0.00, 435.62, 6.93, 82.73, 0.34, 401.83, 38.31),
('2015-01-01', 19259.65, 19259.65, 21338.96, 27734.97, 23959.56, 30355.57, 30881.57, 3681.07, 3681.07, 4040.23, 5080.01, 4501.58, 5541.36, 5625.26, 6187.78, 24966.67, 304.96, 21624.58, 7393.02, 2536.03, 4011.81, 2291.59, 4142.76, 542.90, 74.72, 55.87, 575.88, 6.35, 104.28, 1.20, 240.61, 31.02),
('2016-01-01', 20436.15, 21816.55, 23429.43, 30072.12, 29476.79, 36119.49, 37598.76, 3417.68, 3594.54, 3911.32, 4849.36, 4725.66, 5663.70, 5979.43, 6577.38, 23756.40, 460.67, 26366.05, 12393.03, 3080.70, 2999.66, 2910.84, 3858.94, 308.96, 162.32, 35.87, 615.72, 6.08, 101.24, 1.86, 380.64, 36.71),
('2017-01-01', 16961.42, 16961.42, 18913.86, 27243.53, 23278.35, 31608.04, 33107.43, 1834.69, 1834.69, 2082.36, 2936.62, 2589.78, 3444.03, 3570.80, 3927.87, 31238.82, 226.01, 21111.82, 9120.05, 3491.49, 2663.04, 2381.45, 2542.43, 69.90, 335.96, 0.00, 507.50, 5.94, 90.81, 0.00, 278.77, 34.09),
('2018-01-01', 17120.34, 17120.34, 18836.48, 24886.74, 22416.95, 28467.20, 31215.69, 2069.01, 2069.01, 2265.43, 3089.20, 2681.04, 3504.81, 3843.20, 4227.52, 24852.35, 1215.62, 20528.73, 9041.01, 3360.05, 3079.21, 2081.36, 2120.26, 169.57, 103.98, 59.72, 513.57, 8.63, 57.49, 0.22, 310.25, 27.90),
('2019-01-01', 25584.73, 25584.73, 26607.55, 35230.05, 34871.09, 43493.60, 46024.33, 3045.92, 3045.92, 3180.76, 4169.40, 4080.15, 6257.95, 5402.39, 5942.62, 31482.90, 505.88, 33675.79, 14696.44, 2391.52, 4030.49, 3169.93, 5602.97, 1033.98, 1906.85, 73.55, 770.05, 10.01, 165.05, 0.61, 404.89, 28.45),
('2020-01-01', 18623.37, 18623.37, 19498.12, 26552.34, 24246.65, 31300.87, 33079.57, 2996.47, 2996.47, 3137.19, 4144.15, 4056.60, 5063.56, 5366.33, 5902.96, 25531.08, 186.60, 23216.95, 10238.37, 2040.64, 3914.42, 2955.54, 2895.61, 429.77, 115.12, 67.84, 559.64, 9.36, 70.92, 0.72, 292.45, 30.45);

-- --------------------------------------------------------

--
-- Table structure for table `wheat_data`
--

CREATE TABLE `wheat_data` (
  `Dates` date DEFAULT NULL,
  `A1` float(10,2) DEFAULT NULL,
  `A2` float(10,2) DEFAULT NULL,
  `B1` float(10,2) DEFAULT NULL,
  `B2` float(10,2) DEFAULT NULL,
  `C1` float(10,2) DEFAULT NULL,
  `C2` float(10,2) DEFAULT NULL,
  `C2R` float(10,2) DEFAULT NULL,
  `A1P` float(10,2) DEFAULT NULL,
  `A2P` float(10,2) DEFAULT NULL,
  `B1P` float(10,2) DEFAULT NULL,
  `B2P` float(10,2) DEFAULT NULL,
  `C1P` float(10,2) DEFAULT NULL,
  `C2P` float(10,2) DEFAULT NULL,
  `C2PR` float(10,2) DEFAULT NULL,
  `C3P` float(10,2) DEFAULT NULL,
  `VMP` float(10,2) DEFAULT NULL,
  `VBP` float(10,2) DEFAULT NULL,
  `OC` float(10,2) DEFAULT NULL,
  `HL` float(10,2) DEFAULT NULL,
  `AL` float(10,2) DEFAULT NULL,
  `ML` float(10,2) DEFAULT NULL,
  `Seed` float(10,2) DEFAULT NULL,
  `FertMan` float(10,2) DEFAULT NULL,
  `Insect` float(10,2) DEFAULT NULL,
  `IC` float(10,2) DEFAULT NULL,
  `Miscellaneous` float(10,2) DEFAULT NULL,
  `IWC` float(10,2) DEFAULT NULL,
  `SeedPK` float(10,2) DEFAULT NULL,
  `FertPK` float(10,2) DEFAULT NULL,
  `ManureQ` float(10,2) DEFAULT NULL,
  `HLhr` float(10,2) DEFAULT NULL,
  `ALhr` float(10,2) DEFAULT NULL
) ENGINE=InnoDB DEFAULT CHARSET=utf8mb4;

--
-- Dumping data for table `wheat_data`
--

INSERT INTO `wheat_data` (`Dates`, `A1`, `A2`, `B1`, `B2`, `C1`, `C2`, `C2R`, `A1P`, `A2P`, `B1P`, `B2P`, `C1P`, `C2P`, `C2PR`, `C3P`, `VMP`, `VBP`, `OC`, `HL`, `AL`, `ML`, `Seed`, `FertMan`, `Insect`, `IC`, `Miscellaneous`, `IWC`, `SeedPK`, `FertPK`, `ManureQ`, `HLhr`, `ALhr`) VALUES
('2005-01-01', 9393.68, 9809.68, 10745.08, 15742.87, 13037.01, 18007.53, 18105.35, 334.37, 343.51, 386.85, 548.29, 472.25, 633.70, 637.60, 701.36, 17259.44, 3054.06, 11947.94, 34928.48, 850.50, 2084.51, 1159.53, 1703.59, 213.59, 1703.69, 7.29, 285.40, 124.41, 123.67, 9.73, 393.49, 43.74),
('2006-01-01', 10476.95, 10705.25, 12060.34, 17398.02, 14250.82, 19588.50, 19817.23, 392.38, 397.78, 449.21, 625.53, 529.60, 705.92, 713.72, 785.09, 18933.27, 3769.21, 12293.71, 3582.45, 889.58, 2354.49, 1280.34, 1958.41, 220.09, 1694.37, 7.83, 306.16, 124.73, 125.28, 11.10, 411.51, 42.67),
('2007-01-01', 11390.23, 11687.12, 12985.43, 19424.29, 15352.99, 21791.85, 22039.63, 406.30, 413.05, 458.61, 661.57, 541.61, 744.57, 752.21, 827.43, 23704.09, 4252.04, 13419.49, 3873.92, 917.79, 2615.41, 1573.05, 2223.97, 179.06, 1692.13, 9.24, 334.91, 125.95, 128.84, 14.26, 410.48, 41.45),
('2008-01-01', 12006.08, 12276.52, 13653.73, 20897.72, 16287.92, 23531.92, 23732.04, 426.81, 432.39, 480.32, 700.64, 570.98, 791.29, 797.42, 877.16, 27851.86, 4257.47, 14304.85, 4292.05, 850.16, 2854.89, 1700.75, 2206.66, 171.28, 1868.90, 6.48, 353.66, 125.65, 133.71, 12.69, 417.02, 35.52),
('2009-01-01', 12948.30, 13200.69, 15207.49, 22978.80, 18329.76, 26101.06, 26382.79, 474.67, 480.98, 557.25, 796.11, 679.39, 918.26, 930.33, 1023.36, 29562.98, 4171.77, 15712.44, 5134.28, 988.43, 2987.96, 1751.02, 2060.01, 198.46, 2199.72, 11.04, 381.52, 120.42, 144.00, 4.04, 409.46, 34.11),
('2010-01-01', 14495.42, 14832.50, 16821.27, 25414.62, 20265.02, 28858.37, 29288.61, 538.13, 544.60, 625.92, 892.25, 757.39, 1023.71, 1038.63, 1142.50, 30632.07, 4838.58, 17548.59, 5824.26, 1024.14, 3112.58, 2089.82, 2264.13, 362.33, 2434.33, 9.57, 427.42, 124.27, 149.65, 6.22, 405.75, 30.08),
('2011-01-01', 14927.69, 15361.26, 17043.00, 26592.74, 21365.77, 30915.51, 31398.61, 471.65, 480.86, 537.81, 804.97, 686.07, 953.22, 972.20, 1069.42, 34608.65, 5600.85, 18867.56, 6563.54, 1031.07, 3844.99, 2082.54, 2397.30, 216.50, 2278.55, 12.32, 440.76, 122.95, 148.96, 4.57, 397.01, 29.25),
('2012-01-01', 17630.63, 18045.81, 20213.43, 30682.24, 25184.90, 35653.71, 35999.73, 505.91, 513.85, 579.86, 851.03, 726.79, 997.96, 1009.43, 1110.37, 38612.79, 6435.01, 22120.91, 8063.10, 645.10, 4618.56, 2126.48, 3275.02, 240.26, 2623.90, 8.80, 519.68, 124.35, 145.85, 5.36, 399.78, 19.46),
('2013-01-01', 19634.61, 20324.37, 22030.58, 33155.31, 27453.62, 38578.35, 38886.03, 592.24, 609.72, 663.08, 970.90, 833.19, 1141.01, 1150.91, 1266.00, 41874.64, 7343.48, 24627.23, 8908.52, 784.82, 5174.11, 2378.46, 3884.24, 270.37, 2639.33, 5.42, 581.95, 124.61, 139.01, 5.98, 380.76, 21.50),
('2014-01-01', 21201.08, 21934.27, 23426.68, 35686.93, 29400.02, 41660.28, 42294.87, 626.56, 641.02, 688.35, 1009.45, 872.31, 1193.41, 1211.26, 1332.35, 45346.82, 8646.79, 26760.87, 9864.50, 668.86, 5756.14, 2750.07, 4017.22, 312.90, 2757.28, 3.98, 629.92, 124.73, 150.12, 4.35, 365.52, 14.30),
('2015-01-01', 21924.65, 22464.37, 25264.81, 37143.62, 31952.49, 43831.29, 44513.02, 772.61, 786.41, 884.22, 1253.01, 1113.81, 1482.60, 1511.30, 1662.44, 39301.90, 7163.67, 28083.68, 10890.94, 1042.48, 5513.87, 2925.53, 3990.79, 286.10, 2774.37, 11.24, 648.37, 123.57, 140.49, 5.30, 359.18, 18.82),
('2016-01-01', 23066.04, 23675.90, 26544.53, 39353.55, 33657.86, 46466.88, 46989.92, 855.57, 869.98, 975.12, 1364.94, 1234.92, 1624.74, 1638.29, 1802.12, 44180.35, 7684.18, 29604.11, 11168.98, 1308.25, 5905.86, 2971.63, 3993.00, 337.58, 3220.08, 17.21, 681.54, 122.52, 141.27, 4.65, 360.33, 17.43),
('2017-01-01', 23805.17, 24388.38, 27312.43, 41244.07, 34612.33, 48543.20, 49291.93, 813.26, 824.83, 927.17, 1313.94, 1150.91, 1537.68, 1579.72, 1737.70, 51362.44, 8271.45, 30598.24, 11386.78, 1452.85, 6299.64, 3060.81, 3866.62, 290.15, 3510.82, 24.55, 706.01, 120.53, 138.55, 5.00, 337.78, 15.32),
('2018-01-01', 25644.94, 26231.02, 31328.37, 45929.04, 39521.76, 54122.43, 54415.81, 797.70, 808.58, 976.23, 1371.87, 1220.39, 1616.03, 1624.78, 1787.25, 50932.17, 8101.45, 32873.02, 11401.87, 1980.67, 7241.22, 3141.67, 4141.47, 396.42, 3765.07, 18.82, 747.86, 118.17, 146.69, 5.24, 309.12, 12.86),
('2019-01-01', 28573.65, 29153.25, 31832.44, 47492.39, 39906.60, 55566.55, 56209.58, 868.28, 878.75, 960.10, 1376.85, 1206.20, 1638.65, 1710.37, 1823.12, 57538.73, 9755.97, 35914.31, 12223.73, 1728.51, 8616.92, 3330.61, 4671.40, 386.62, 4014.28, 68.05, 843.63, 122.41, 147.31, 6.20, 308.69, 12.46),
('2020-01-01', 18408.96, 18877.19, 21123.18, 31670.95, 26252.99, 36800.71, 37232.84, 610.15, 620.20, 697.37, 999.50, 865.97, 1169.22, 1188.61, 1303.31, 38174.48, 6449.42, 36803.56, 13056.53, 1227.31, 8914.63, 3528.78, 4585.90, 437.58, 4064.29, 106.97, 849.93, 122.83, 150.09, 5.41, 315.65, 10.36);
COMMIT;

/*!40101 SET CHARACTER_SET_CLIENT=@OLD_CHARACTER_SET_CLIENT */;
/*!40101 SET CHARACTER_SET_RESULTS=@OLD_CHARACTER_SET_RESULTS */;
/*!40101 SET COLLATION_CONNECTION=@OLD_COLLATION_CONNECTION */;
